0.0,160.0,320.0,480.0,640.0,800.0,960.0,1120.0,1280.0,1440.0,1600.0,1760.0,1920.0,2080.0,2240.0,2400.0,2560.0,2720.0,2880.0,3040.0,3200.0,3360.0,3520.0,3680.0,3840.0,4000.0,4160.0,4320.0,4480.0,4640.0,4800.0,4960.0,5120.0,5280.0,5440.0,5600.0,5760.0,5920.0,6080.0,6240.0,6400.0,6560.0,6720.0,6880.0,7040.0,7200.0,7360.0,7520.0,7680.0,7840.0,8000.0,8160.0,8320.0,8480.0,8640.0,8800.0,8960.0,9120.0,9280.0,9440.0,9600.0,9760.0,9920.0,10080.0,10240.0,10400.0,10560.0,10720.0,10880.0,11040.0,11200.0,11360.0,11520.0,11680.0,11840.0,12000.0,12160.0,12320.0,12480.0,12640.0,12800.0,12960.0,13120.0,13280.0,13440.0,13600.0,13760.0,13920.0,14080.0,14240.0,14400.0,14560.0,14720.0,14880.0,15040.0,15200.0,15360.0,15520.0,15680.0,15840.0,16000.0
742.2143920887955,742.2152012419655,742.2161691328654,742.21732690053,742.2187117916767,742.2203683583544,742.2223498903,742.2247201279342,742.2275553108999,742.230946627742,742.2350031451064,742.2398553100661,742.2456591373546,742.2526012149248,742.2609046870243,742.2708364046216,742.2827154694313,742.2969234409817,742.3139165273324,742.3342401405193,742.3585462691099,742.3876142040657,742.4223752522684,742.4639421865018,742.5136443133338,742.5730691930113,742.6441122196186,742.7290354660566,742.8305374163555,742.9518354448774,743.096763152446,743.2698849230762,743.4766303048228,743.7234510179529,744.0180035139334,744.369359993132,744.7882505590234,745.287338635957,745.8815307680351,746.5883202759937,747.4281617736747,748.424870014087,749.6060317362824,751.0034129706025,752.6533366299836,754.5969964313631,756.8806639249325,759.5557368864652,762.6785714256328,766.3100393642536,770.5147595465797,775.3599692694784,780.9140312446206,787.2446113975932,794.4166091909655,802.4899676298689,811.5175251749993,821.5430872007134,832.5998843365193,844.7095485679226,857.8816812510819,872.1140210363269,887.3931566986529,903.6956808463086,920.9896518135148,939.2362238516434,958.3913166913143,978.4072187593724,999.2340473383815,1020.8210182387212,1043.117503315491,1066.0738744186535,1089.6421466184995,1113.7764422991584,1138.4333019805438,1163.571868689454,1189.1539714536593,1215.1441309475051,1241.5095071570283,1268.2198056285101,1295.2471557137308,1322.5659713929954,1350.152802815859,1377.9861846621272,1406.0464857691254,1434.3157631540146,1462.7776225333662,1491.417086657369,1520.2204721875507,1549.1752754148372,1578.2700668052776,1607.4943941458007,1636.8386939192872,1666.2942104489764,1695.8529223026262,1725.5074754259351,1755.251122474122,1785.0776678238801,1814.9814177704316,1844.9571354425848,1875.0
785.0949081668595,785.0737736983955,784.8133749923961,784.4255072339179,783.9710838729592,783.4837741372417,782.9819639767421,782.4763933240771,781.9729684235741,781.4758646006323,780.9874052836869,780.5100761848613,780.0452697799446,779.595274159384,779.1613669880957,778.7461435889583,778.351050287262,777.9792161631952,777.6323933991722,777.3144042641396,777.0274139869296,776.7760949819838,776.5631395211158,776.3942460487787,776.272768156607,776.2056335964844,776.1970182697332,776.2553139967018,776.3857104677772,776.5983314775907,776.8996042149155,777.3016844340625,777.8124916440981,778.4465405057408,779.2135231518844,780.1306558321025,781.2096965990152,782.470901703507,783.9283791442341,785.605727454252,787.5196441460773,789.6972895251718,792.1580949703124,794.9328560658212,798.0437201177208,801.5249670163827,805.4011995955248,809.7097194027931,814.4769984251081,819.7425041043772,825.5335967485651,831.8906087003196,838.8403867800375,846.4223897586162,854.6611745729288,863.5932479695703,873.238869704691,883.6293789991076,894.7787438813369,906.7110777362409,919.4323861561037,932.9579881769782,947.2848891310102,962.4188218130266,978.3476046933023,995.0675224235982,1012.5579254710448,1030.806684936602,1049.786174392643,1069.477569973469,1089.8482514553077,1110.8747785418461,1132.5216715739953,1154.7629731528905,1177.5623226723383,1200.8930957964449,1224.7196649047976,1249.016182996086,1273.7489141737935,1298.893783266471,1324.4196584715137,1350.3048202599575,1376.5210779449687,1403.0493239218547,1429.8643661809842,1456.9497321529393,1484.2831005275984,1511.8505087569304,1539.6322707766926,1567.6167287944468,1595.7865512844724,1624.1321652598376,1652.6383757353574,1681.297752952702,1710.0981069387294,1739.0383454710516,1768.1261385078274,1797.4332934651754,1827.2503897337367,1858.7716193132528,1896.8366402267804
832.9231087570314,832.9062447007557,832.6628344802443,832.2988193440725,831.8719317225582,831.4137989525118,830.9418946309194,830.4660986159979,829.9921731006115,829.5237492322644,829.0632973625666,828.6127845801329,828.1738960489049,827.7483197122667,827.3377332428408,826.9439992076143,826.5690669281305,826.2151639675045,825.8846548477115,825.5802569668176,825.3048664842943,825.061810006141,824.8546385319281,824.6874214600359,824.5645065747306,824.4908615801087,824.471797058886,824.5133602899772,824.6220175437268,824.8051045661299,825.0704640394997,825.4269565125574,825.8840481665865,826.452384950302,827.1433248340484,827.9695763156149,828.9446680272688,830.0836504756664,831.4024941326705,832.9188501732416,834.6513660605933,836.6204971878884,838.8477266611442,841.3564154030994,844.1709108278028,847.3174187610836,850.822984873549,854.7163688160841,859.0268839649377,863.7852540274247,869.0223024920463,874.7697763840089,881.058888278539,887.9211021673658,895.3865484260454,903.4847826980988,912.243116127309,921.6873770725058,931.8402206714636,942.7219395497088,954.3488313873776,966.7341114924852,979.8864173070907,993.8108670951221,1008.5077624393747,1023.9738126180869,1040.2010627499244,1057.1782687703417,1074.8900392595588,1093.3183123839242,1112.4416658846048,1132.236826087858,1152.6780826744766,1173.738756839008,1195.3906580813584,1217.6054522949385,1240.3541126153398,1263.6081515243566,1287.339038682122,1311.5192855273742,1336.1218224177821,1361.1209434426862,1386.4916486757602,1412.210468478057,1438.2547833102376,1464.6035512705066,1491.2366191203037,1518.135376343348,1545.2820691394638,1572.6604017716488,1600.2548642751121,1628.0513068965336,1656.0363235792338,1684.197955809143,1712.5256951666588,1741.0135318260593,1769.66932582126,1798.5552285088486,1827.9480232695662,1858.996660760897,1896.4615349098324
879.1707405743434,879.1590520594565,878.9358721767853,878.6006813692029,878.2075466389035,877.7859975565218,877.3523304153956,876.9157290567684,876.4815728974737,876.0532334966781,875.6330444335968,875.2228366313409,874.8242264178292,874.4387851045157,874.0681290844608,873.7139854562897,873.3782256029996,873.0629037131039,872.7702753867611,872.5028319807808,872.2633166613987,872.0547617927012,871.8805063620297,871.7442390522676,871.650018463416,871.6023231358297,871.6060751866879,871.6666980466343,871.7901437409963,871.9829587498078,872.2523147779724,872.6060826940854,873.0528660817312,873.6020825265429,874.2639984155941,875.049815826224,875.9717058525454,877.0428979198749,878.2777072976992,879.6916217686744,881.3013169178394,883.1247327490483,885.1810679087386,887.4908362320522,890.0758285377435,892.9591365961003,896.1650690618991,899.7191286898458,903.6478682271261,907.9788068937081,912.7402138007591,917.9609530099676,923.6701875131444,929.8971496961606,936.6707689232826,944.019376311597,951.9702731895486,960.5493945809981,969.7808520959292,979.6865962482316,990.2859815113186,1001.5954786225477,1013.6283162586159,1026.3942956126823,1039.8995579501536,1054.1465419275137,1069.1339080947812,1084.856655951766,1101.3062090621033,1118.4706797865656,1136.3350898874405,1154.8817449609867,1174.0905439052242,1193.9394098699927,1214.404633415532,1235.4613054823108,1257.0836439839154,1279.2453848185694,1301.9200559248272,1325.0812992284336,1348.703073761013,1372.759898684577,1397.2269826669026,1422.0803915840065,1447.2971120802554,1472.8551556247028,1498.733569609869,1524.9124926163995,1551.3731277228326,1578.0977640202698,1605.0697273156818,1632.2733883048395,1659.6941328331225,1687.3184912292759,1715.134633259192,1743.1346218045092,1771.323519437053,1799.756780387344,1828.6941027659627,1859.2401868272073,1896.0674585591023
923.9119637142712,923.9046884286978,923.6990811382129,923.3890020005293,923.0253087177109,922.6356999873149,922.2354269168123,921.8330704876587,921.4336574999896,921.0403429394244,920.6553199969676,920.2803151151163,919.9168594047798,919.5664408318063,919.2305919770345,918.9109445333354,918.6092656037902,918.3274858978534,918.0677232048579,917.832305318225,917.6237922178345,917.445000166929,917.2990262870575,917.189276042432,917.1194915998549,917.0937836564711,917.1166642579343,917.19308347844,917.328467045807,917.5287580960797,917.8004596538832,918.1506813361517,918.5871863162139,919.1184423380389,919.7536721684373,920.5029075296972,921.3770411468713,922.3878811488491,923.5482015907263,924.8717934671246,926.373509007995,928.0693036958548,929.9762677382687,932.112651475297,934.4978753822834,937.1525292358542,940.0983501344597,943.358184209469,946.9559210370509,950.9164062261416,955.265321037201,960.0290357427792,965.2344262020868,970.908662385807,977.0789598798978,983.7723059671639,991.015153764136,998.8330994782901,1007.2505392166445,1016.2903238716458,1025.9734112059439,1036.3185361774376,1047.341900049321,1059.056899881614,1071.4738982194835,1084.6000525131062,1098.4392008949467,1112.9918192945613,1128.255041448801,1144.2227507803564,1160.885730141384,1178.2318725730534,1196.2464346890881,1214.9123317662766,1234.2104541718338,1254.1200027481605,1274.618823539059,1295.6837404882758,1317.2908693774243,1339.4159142246917,1362.0344333034134,1385.1220790310194,1408.6548026847324,1432.609030746188,1456.961806812376,1481.690907488102,1506.7749281161623,1532.1933474121886,1557.9265678791148,1583.9559412008625,1610.2637767626834,1636.8333459240873,1663.6488961522157,1690.6957520297333,1717.9607829893862,1745.434409185948,1773.118971291088,1801.063671677471,1829.5113928735132,1859.522249703261,1895.67435359389
967.3066166765466,967.3030811073933,967.1126658281902,966.8243449300055,966.4861756998586,966.124254524628,965.7529138615791,965.3802033232903,965.0108359423604,964.6477732963484,964.293080183879,963.9483876160674,963.615145955426,963.2947658938338,962.9886996693058,962.6984907579084,962.4258071542602,962.1724664846681,961.9404573247052,961.7319592195076,961.5493626796078,961.3952900063065,961.2726173173271,961.1844981601004,961.1343888073018,961.1260754878632,961.1637035419063,961.2518087037629,961.3953504292233,961.5997474305512,961.8709152516859,962.2153059860732,962.639949853928,963.1524986433884,963.7612705704814,964.4752964141194,965.3043662604383,966.2590765026792,967.3508761420778,968.5921117572174,969.9960698278397,971.5770154364072,973.3502256151949,975.3320159747642,977.5397584407406,979.9918883558479,982.7078983821922,985.7083171826424,989.0146700891277,992.6494196971288,996.6358836909708,1000.9981282118297,1005.7608346753277,1010.9491393098997,1016.5884445830166,1022.7042034393377,1029.3216774757439,1036.465672268615,1044.1602534626186,1052.4284494587325,1061.291946872618,1070.7707869684355,1080.8830711821538,1091.6446852878082,1103.0690508781659,1115.1669133505504,1127.9461737093716,1141.4117710110158,1155.5656194983333,1170.4066032351184,1185.9306278060048,1202.1307272033862,1218.9972209462217,1236.5179154571224,1254.6783414056881,1273.462018596727,1292.8507387361926,1312.82485729067,1333.3635854304648,1354.4452747231871,1376.0476877017102,1398.148249487168,1420.7242763496401,1443.7531791086753,1467.2126398589014,1491.0807622048474,1515.3361954550423,1539.9582345022377,1564.9268970613075,1590.2229809608698,1615.828104451851,1641.7247357337146,1667.8962283480478,1694.3269251692213,1721.0025840504293,1747.9121827231181,1775.0555739273857,1802.4760761251769,1830.4002274706916,1859.8433044486674,1895.283060993293
1009.4916863938827,1009.4913442351233,1009.3141709574727,1009.0448532775929,1008.7289833685721,1008.3912430144895,1008.0451509923032,1007.6982843116787,1007.3550751190851,1007.0183102254045,1006.6899367736286,1006.371497055253,1006.0643653081017,1005.7698789788062,1005.4894139460052,1005.2244302152073,1004.9765022966335,1004.747341907974,1004.5388171229231,1004.3529702132016,1004.1920354204472,1004.0584573642827,1003.9549104971986,1003.8843198698551,1003.8498833760098,1003.855095606473,1003.9037733996984,1004.0000831635385,1004.1485700090028,1004.354188725395,1004.6223365853637,1004.9588879487777,1005.3702305789534,1005.8633035510953,1006.4456365574159,1007.1253903607353,1007.9113980480972,1008.8132066600228,1009.8411186421368,1011.0062324642179,1012.3204815931541,1013.7966708801748,1015.4485092386939,1017.2906373468909,1019.338648912823,1021.6091039007879,1024.1195319352844,1026.888423997158,1029.9352104008412,1033.2802230284785,1036.9446397872402,1040.9504093975424,1045.3201547963968,1050.077053805274,1055.2446961376527,1060.8469164599173,1066.9076039223519,1073.4504894852391,1080.4989133020279,1088.0755755076239,1096.2022747862395,1104.8996401585289,1114.1868622971826,1124.08143144141,1134.5988893937904,1145.752603248802,1157.5535682073023,1170.0102462194207,1183.1284461124815,1196.9112495073314,1211.3589851159686,1226.4692522084708,1242.2369920966566,1258.654604689417,1275.7121054946992,1293.3973171309453,1311.6960883916306,1330.5925333687449,1350.0692829474856,1370.1077412481357,1390.6883401213722,1411.7907856595111,1433.3942916559035,1455.4777960690583,1478.0201576277375,1501.0003308012633,1524.397518292268,1548.1913010691183,1572.361746634976,1596.8894969039284,1621.7558379356078,1646.9427562726994,1672.4329961180965,1698.210171453479,1724.2591571335497,1750.5677142101938,1777.1334746470873,1803.9942623760646,1831.3607955631744,1860.2033749806942,1894.893512011322
1050.581964871703,1050.5843661131794,1050.4188166531148,1050.1662109159422,1049.8699542641828,1049.5534702024563,1049.2295515719265,1048.9053520201307,1048.5850504835491,1048.2712746942807,1047.965863258176,1047.6702754054415,1047.385813235731,1047.113744346789,1046.8553717230304,1046.6120758999298,1046.3853427685447,1046.1767841752735,1045.9881551627584,1045.8213699350727,1045.678517690697,1045.5618789665043,1045.473942868355,1045.4174254207812,1045.3952891895124,1045.410764286436,1045.4673708383584,1045.5689429811462,1045.7196544222747,1045.9240455965717,1046.187052417667,1046.514036602371,1046.9108175131848,1047.3837054269684,1047.9395360917467,1048.5857063806284,1049.3302107879333,1050.18167844029,1051.1494102106724,1052.2434154292216,1053.474447577571,1054.85403823756,1056.39452843774,1058.1090964081704,1060.0117806141309,1062.1174968014127,1064.4420476504838,1067.0021235162576,1069.8152926280068,1072.899979055997,1076.2754267240775,1079.9616477796949,1083.979353732448,1088.3498679591535,1093.0950184534868,1098.237010087764,1103.7982761521027,1109.8013095481424,1116.2684747254914,1123.2218022483137,1130.682768732156,1138.6720657659237,1147.2093622759735,1156.3130655503799,1166.0000867553222,1176.2856171908015,1187.182921690513,1198.7031554378295,1210.8552100178595,1223.645593761797,1237.0783503828848,1251.1550186100833,1265.874634061167,1281.2337730559714,1297.2266365426697,1313.8451708970942,1331.0792211368325,1348.916711142115,1367.3438448333204,1386.3453219442056,1405.9045620376928,1426.003930711712,1446.6249624824648,1467.7485755563164,1489.3552745397587,1511.4253380309067,1533.9389889253139,1556.8765461143364,1580.2185570308172,1603.9459112451611,1628.0399362729545,1652.482479012271,1677.2559844856237,1702.343618282352,1727.729629916656,1753.4008168680234,1779.3528825975284,1805.6185703130832,1832.3933469821754,1860.6025168017454,1894.5056194965418
1090.6746507491393,1090.6794176337687,1090.5241267052345,1090.2862964353235,1090.0073800649457,1089.7096749977777,1089.405322524069,1089.1010947752122,1088.800941059587,1088.5073434346482,1088.222039793548,1087.9464111849286,1087.6816910357556,1087.4290800602203,1087.1898113849124,1086.9651895697384,1086.7566161289715,1086.5656082747278,1086.393814481212,1086.2430288093476,1086.1152050505423,1086.0124712806235,1085.9371451661223,1085.8917502322113,1085.879033229514,1085.9019826966044,1085.9638487903865,1086.0681644392598,1086.218767859176,1086.419826457713,1086.675862134272,1086.991777964398,1087.3728862318576,1087.8249377429088,1088.354152322085,1088.967250347357,1089.6714851336815,1090.4746759173574,1091.3852411284543,1092.4122315646612,1093.5653629968915,1094.855047645166,1096.292423863075,1097.8893832618703,1099.6585943924324,1101.6135219880857,1103.7684406566443,1106.1384418014338,1108.739432453853,1111.588124622006,1114.7020137092063,1118.0993445426905,1121.799063586874,1125.8207560080843,1130.1845664193097,1134.9111023738321,1140.0213200028184,1145.5363916081938,1151.477555527443,1157.865949174901,1164.7224268204998,1172.0673643705277,1179.9204541357408,1188.300493273549,1197.2251702297433,1206.710854035512,1216.7723916907971,1227.4229190436818,1238.673690523733,1250.5339327847812,1263.0107267549993,1276.1089217941733,1289.8310846528593,1304.1774847672245,1319.1461161712878,1334.732755038994,1350.9310506573336,1367.7326465498477,1385.1273275769368,1403.1031881795075,1421.646816530101,1440.7434892153628,1460.3773711810356,1480.5317159951826,1501.1890619852325,1522.3314204310605,1543.940452699985,1565.9976339448995,1588.484401722764,1611.3822886410287,1634.6730390862947,1658.3387121268997,1682.3617798227635,1706.7252603183879,1731.4130584141399,1756.4112844124463,1781.7140272907245,1807.3493854674468,1833.4981849023238,1861.0408275762322,1894.1193140755104
1129.8529405027525,1129.859750443203,1129.7135487913622,1129.488833552306,1129.225306614171,1128.944252566258,1128.6572250182667,1128.3706505836194,1128.0882692726418,1127.8124290575347,1127.5447739148717,1127.2866109801212,1127.0391080665167,1126.8034016414424,1126.5806576805448,1126.3721078770902,1126.179073127802,1126.002980628971,1125.8453779593874,1125.707945961734,1125.592511405874,1125.5010599792943,1125.4357499176533,1125.39892646497,1125.3931372864668,1125.4211489202949,1125.4859643323855,1125.5908416238653,1125.7393139281742,1125.9352105230887,1126.1826791694107,1126.4862096724157,1126.85065864322,1127.2812754145398,1127.7837290381153,1128.3641362588496,1129.0290903228274,1129.785690432332,1130.6415716102345,1131.604934678354,1132.684575989294,1133.889916478837,1135.2310295264615,1136.718667025595,1138.364282973814,1140.1800537981903,1142.178894534496,1144.3744698843964,1146.781199085902,1149.4142534544694,1152.2895453909716,1155.4237076155703,1158.8340613807713,1162.538572451411,1166.5557937222472,1170.904793483976,1175.6050685529462,1180.676441754592,1186.138943598358,1192.012678402247,1198.3176756125254,1205.073727607965,1212.300215861328,1220.0159279306474,1228.2388683404702,1236.9860669550453,1246.273388905212,1256.115350471592,1266.5249455145383,1277.513487047863,1289.0904683597196,1301.2634476832034,1314.0379598183904,1327.4174573285684,1341.4032830123233,1355.9946743377166,1371.1887994711258,1386.980823501048,1403.3640025044758,1420.3298022820884,1437.8680379393195,1455.9670300407074,1474.6137728263543,1493.7941099488364,1513.4929133489445,1533.6942612120206,1554.381611397685,1575.5379672781883,1597.1460335228091,1619.1883600300278,1641.6474730716386,1664.5059945068267,1687.7467560551688,1711.352941663913,1735.3084083599647,1759.5988737819434,1784.2171442265833,1809.1871280823316,1834.6756583720114,1861.518442146742,1893.734540870028
1168.1887303395388,1168.1973036045083,1168.0591764792193,1167.846134192308,1167.5963012388695,1167.330047660235,1167.0583948505619,1166.787455206751,1166.5207771500154,1166.260584691674,1166.0084338587742,1165.7655616522081,1165.5330730078997,1165.3120425251386,1165.1035714771776,1164.9088214964065,1164.729036238868,1164.5655570118395,1164.4198355415997,1164.293445578335,1164.1880942545315,1164.105633701571,1164.0480732119222,1164.0175921193104,1164.0165535077272,1164.0475188264575,1164.1132634686371,1164.2167933579958,1164.361362578239,1164.550492069893,1164.78798940885,1165.0779696685963,1165.424877353354,1165.8335093717405,1166.309038999374,1166.857040753803,1167.4835160756152,1168.1949196752316,1168.9981863652317,1169.9007581527817,1170.9106113155342,1172.0362831271577,1173.286897835459,1174.6721914271789,1176.2025346396454,1177.888953601507,1179.7431474042808,1181.7775018255136,1184.0050983456106,1186.4397175273682,1189.0958357640243,1191.988614353298,1195.1338798270565,1198.5480944652613,1202.248315955564,1206.2521452331277,1210.57766165575,1215.2433448429435,1220.2679827388058,1225.6705657496864,1231.470167158196,1237.6858104210569,1244.3363244110342,1251.440188149865,1259.0153670815503,1267.0791434312973,1275.6479436583038,1284.7371664118352,1294.3610147099664,1304.5323362511676,1315.2624758165728,1326.5611436080903,1338.4363030860668,1350.8940814221755,1363.9387050822827,1377.5724623251604,1391.7956935810196,1406.6068098013898,1422.0023379957695,1437.9769923379474,1454.5237684800754,1471.634058092419,1489.2977801787436,1507.5035254173363,1526.238709649794,1545.4897326763778,1565.242138701163,1585.4807750790087,1606.1899464268427,1627.3535616722331,1648.9552723284116,1670.9786018052857,1693.4070707685253,1716.2243459358572,1739.4145425335635,1762.9632922288213,1786.8624634816597,1811.1322441466211,1835.9261559599593,1862.0355280520744,1893.3512559097494
1205.7446785717955,1205.7547692438209,1205.623825510701,1205.4211894269652,1205.1835605558763,1204.9304805423453,1204.6724872150996,1204.4154062310777,1204.1626099896882,1203.9162074666822,1203.6776720286214,1203.4481739215178,1203.228757679632,1203.0204382055601,1202.8242543113415,1202.6413001300166,1202.4727451443975,1202.3198485003231,1202.183970601611,1202.0665835805512,1201.96928150025,1201.8937907575066,1201.841980951112,1201.8158763729703,1201.8176682224314,1201.8497276132052,1201.9146194246027,1202.0151170375366,1202.1542179872915,1202.3351605571697,1202.5614413288843,1202.8368336958486,1203.1654073341708,1203.5515486122806,1203.9999819037926,1204.5157917485453,1205.104445783857,1205.7718183410848,1206.5242145716259,1207.3683949308647,1208.3115998083215,1209.3615740469404,1210.5265910442458,1211.8154760729137,1213.2376283986587,1214.8030417096227,1216.5223223048274,1218.4067044207823,1220.4680620071192,1222.7189161961244,1225.1724376505313,1227.8424429220322,1230.743383914167,1233.8903295218738,1237.2989385215276,1240.9854228149852,1244.966500194797,1249.2593359005105,1253.8814723827966,1258.8507468864018,1264.185196706757,1269.902952268052,1276.0221185095816,1282.5606454457293,1289.5361891728812,1296.9659650198862,1304.866594959751,1313.2539517983378,1322.143003007945,1331.547657356017,1341.4806176688269,1351.9532431465557,1362.9754245940999,1374.5554757421894,1386.7000435047946,1399.4140395592667,1412.7005950619166,1426.561039649059,1440.9949051537951,1455.9999537285535,1471.572229340789,1487.706130941366,1504.3945050246855,1521.6287548330786,1539.3989631229522,1557.6940252156633,1576.5017890012261,1595.8091986399763,1615.6024389046804,1635.8670774255293,1656.5882026280492,1677.7505563797367,1699.3386647058383,1721.3369890276617,1743.7302100420407,1766.5041857409396,1789.6501991632347,1813.185197028211,1837.2500999398144,1862.5922817468902,1892.9694235604302
1242.5758048352911,1242.5871940582022,1242.4626428337885,1242.2692888942204,1242.0425418649345,1241.8011912467027,1241.5553343565164,1241.310534433801,1241.070001651867,1240.8357378825935,1240.6091385592938,1240.3913102230867,1240.183239267584,1239.9858829000227,1239.8002195422014,1239.627278188253,1239.4681569596726,1239.3240362380534,1239.1961892100019,1239.085991325111,1238.994929469348,1238.9246112904473,1238.8767749201857,1238.8532992378996,1238.8562147664002,1238.8877152630034,1238.9501700522924,1239.046137137435,1239.1783771196604,1239.349867949206,1239.5638205244431,1239.8236951483768,1240.1332188428057,1240.4964035097169,1240.917564916714,1241.4013424680222,1241.9527197046973,1242.5770454566393,1243.2800555447284,1244.0678949034548,1244.9471399626507,1245.924821091135,1247.008444865115,1248.2060158801037,1249.5260577769932,1250.9776331011437,1252.5703615584137,1254.3144361748487,1256.2206368083798,1258.3003404029364,1260.5655273197945,1263.0287830302364,1265.703294410542,1268.6028398484736,1271.741772353511,1275.1349948654495,1278.7979269820491,1282.746462380739,1286.9969162963637,1291.5659625403807,1296.470559709817,1301.727866438293,1307.3551457864132,1313.3696591524913,1319.788550401956,1326.628721257043,1333.9066993466267,1341.638500675407,1349.839488615822,1358.524231836525,1367.7063638389182,1377.398446958921,1387.6118437877726,1398.3565989590786,1409.64133413044,1421.4731587534782,1433.8575988796274,1446.7985458014932,1460.2982257986268,1474.3571916659846,1488.9743360812472,1504.1469262441788,1519.8706586280473,1536.1397321483419,1552.9469376020493,1570.2837608798536,1588.1404972155153,1606.5063736159343,1625.369676612647,1644.717882599307,1664.537788342659,1684.815640180498,1705.5372639771203,1726.6882140688165,1748.2540371990788,1770.2211285110475,1792.580539496554,1815.346459499244,1838.6479408128698,1863.1889252913306,1892.5890146792453
1278.7307478372288,1278.743238697005,1278.6243714081427,1278.4392931096434,1278.2222441212043,1277.9913298667063,1277.7562455556185,1277.5223137015748,1277.2925945654788,1277.0689900142825,1276.8528218041902,1276.645135545156,1276.4468615715946,1276.2589012544952,1276.082174553801,1275.917647516333,1275.766349499267,1275.629385239117,1275.5079444531516,1275.403310390047,1275.3168680835854,1275.2501127171895,1275.2046583264432,1275.1822469723706,1275.184758468622,1275.214220719392,1275.2728207102637,1275.3629161855088,1275.4870480392772,1275.6479534429648,1275.8485797258695,1276.0920990203592,1276.3819236758693,1276.7217224377532,1277.1154373770535,1277.5673015454502,1278.0818573156153,1278.6639753508584,1279.3188741288675,1280.052139922477,1280.8697471153416,1281.778078702126,1282.7839467910783,1283.894612891661,1285.1178077312388,1286.4617503028585,1287.9351658011615,1289.547302056016,1291.307944024195,1293.2274258494224,1295.3166399516642,1297.587042559306,1300.0506550548948,1302.7200604688703,1305.6083944289537,1308.7293298588515,1312.0970547220645,1315.7262421286318,1319.6320121682306,1323.82988490585,1328.3357240793962,1333.1656711745736,1338.336069722729,1343.863379872032,1349.7640835199131,1356.054580561138,1362.751077095535,1369.86946674352,1377.425206525516,1385.433189060076,1393.9076131103618,1402.8618547438618,1412.3083415502783,1422.2584324724787,1432.7223058330364,1443.7088580749419,1455.2256155751106,1467.2786616339095,1479.872580399614,1493.01041906541,1506.693669195729,1520.9222675195606,1535.6946159953197,1551.0076204299012,1566.8567464483608,1583.2360911821158,1600.1384686907297,1617.5555068686556,1635.4777534234895,1653.8947884616464,1672.7953413454175,1692.1674101262115,1711.9983847049234,1732.2751884317013,1752.984519920948,1774.1136134016283,1795.6536374919929,1817.616506083091,1840.1201520678067,1863.8257033557709,1892.2100052634933
1314.252767126395,1314.2661807173674,1314.1523571382868,1313.9746459158816,1313.766226757901,1313.5445822373179,1313.319039956305,1313.0947011773255,1312.8744873100522,1312.6602066102837,1312.4531110138691,1312.254187738953,1312.0643129897055,1311.8843340389267,1311.7151141914233,1311.5575585939948,1311.4126302527916,1311.2813611409526,1311.164860949449,1311.0643248217525,1310.9810407822883,1310.9163972406104,1310.8718907826067,1310.8491343712274,1310.849866032847,1310.8759580808683,1310.9294269148845,1311.0124434259515,1311.1273440333593,1311.2766423740932,1311.4630416620882,1311.689447729801,1311.9589827593145,1312.2749997037313,1312.6410973919956,1313.0611363010082,1313.539254968146,1314.079887004409,1314.687778653668,1315.3680068262122,1316.1259975152404,1316.9675444825284,1317.8988280744493,1318.9264340014433,1320.0573718830951,1321.2990933270628,1322.6595092735295,1324.1470062976987,1325.770461521784,1327.5392557453963,1329.4632843602124,1331.552965572348,1333.8192454153861,1336.2735990002652,1338.9280274171556,1341.7950496815056,1344.8876891040975,1348.219453466259,1351.804308399178,1355.6566434038277,1359.7912300081064,1364.2231716432846,1368.9678449347048,1374.04083224337,1379.4578454657137,1385.234641297548,1391.386928391998,1397.9302670858601,1404.879962627535,1412.250953104272,1420.0576935264667,1428.314037770614,1437.0331202974005,1446.2272397343625,1455.9077465310147,1466.08493694731,1476.7679556150983,1487.9647088114878,1499.6817904013767,1511.9244221469921,1524.6964097528607,1538.000115627394,1551.836448913184,1566.2048728860323,1581.1034293680218,1596.528779363333,1612.4762587263597,1628.9399473274334,1645.9127499072897,1663.3864866271842,1681.3519912857414,1699.7992155627658,1718.717339871513,1738.0949026742808,1757.9200176006568,1778.181043395078,1798.8696021813932,1819.995805693896,1841.6672251206505,1864.5028804428553,1891.8323754400888
1349.1805500896864,1349.1947224542203,1349.0853597055059,1348.9141894311617,1348.7134293967292,1348.499994774954,1348.2828767507913,1348.0669729237989,1347.8550758450601,1347.648905950199,1347.449648869452,1347.2582357673934,1347.0754905155957,1346.9022079220513,1346.739196337593,1346.5873019310286,1346.4474236114777,1346.320523264915,1346.2076337358735,1346.1098658258213,1346.0284149784502,1345.9645680105607,1345.9197100856077,1345.8953320433084,1345.893038155106,1345.9145543525583,1345.961736963442,1346.0365819834817,1346.1412349071345,1346.2780011374753,1346.4493569919634,1346.6579613173897,1346.9066677231685,1347.1985374372382,1347.5368527829214,1347.9251312680035,1348.3671402688994,1348.8669122828528,1349.4287607095769,1350.0572961103062,1350.757442876873,1351.5344562258524,1352.3939394129945,1353.341861040929,1354.3845723084107,1355.5288240221855,1356.7817831628943,1358.1510487644975,1359.644666832678,1361.2711439920174,1363.0394595149098,1364.9590753479943,1367.0399437151905,1369.2925118414853,1371.7277233097827,1374.3570155361215,1377.192312828286,1380.2460144815097,1383.5309773648773,1387.0604924657946,1390.8482548899492,1394.9083268631198,1399.2550933511739,1403.9032100075676,1408.8675432747846,1414.1631026079322,1419.804964954412,1425.8081918113976,1432.187739389284,1438.9583626295716,1446.1345140530748,1453.7302386410968,1461.7590661687043,1470.2339026053778,1479.1669223631498,1488.5694632954453,1498.4519264212724,1508.8236823612874,1519.6929864185545,1531.066904115118,1542.9512488061573,1555.3505327414218,1568.267932636567,1581.705270466969,1595.6630098175003,1610.1402677301744,1625.1348416044127,1640.6432503391857,1656.6607885792887,1673.181592660854,1690.1987166962501,1707.7042174242763,1725.6892481413383,1744.1441713135873,1763.0587484315479,1782.422724035276,1802.2284904324265,1822.4848145624126,1843.289664403758,1865.2207382646418,1891.4561086957349
1383.54886874354,1383.5636484643235,1383.4582122480733,1383.2928268442915,1383.0988382504756,1382.892644769302,1382.6829295266703,1382.4744024284157,1382.2697362402623,1382.0705688488429,1381.8780227979614,1381.6929753624565,1381.51619976449,1381.3484398888052,1381.1904507405163,1381.0430213222137,1380.9069885601195,1380.7832467493465,1380.672754838186,1380.5765427600065,1380.4957174470967,1380.4314688640334,1380.3850762449274,1380.3579146397392,1380.3514618338972,1380.3673056841847,1380.4071519025765,1380.472832313485,1380.5663136060311,1380.6897066001563,1380.8452760428672,1381.0354509481901,1381.262835491305,1381.5302204635825,1381.8405952907326,1382.197160610861,1382.6033414027609,1383.06280064714,1383.579453494523,1384.1574819031737,1384.8013496983806,1385.5158179907235,1386.3059608753629,1387.1771813168373,1388.1352271042572,1389.1862067400643,1390.336605101676,1391.5932986894466,1392.9635702464823,1394.4551225062714,1396.0760907930692,1397.8350541680172,1399.741044781675,1401.803555061786,1404.0325423346344,1406.4384304505243,1409.03210795999,1411.824922369092,1414.828669991157,1418.0555809107748,1421.5182985855902,1425.229853634824,1429.2036314023674,1433.453332938839,1437.9929291227013,1442.836607736603,1447.9987134321223,1453.4936806536925,1459.3359597494748,1465.539936670881,1472.1198468496286,1479.0896840367218,1486.46310508528,1494.2533318513176,1502.4730515651133,1511.1343171817882,1520.248449344266,1529.8259416762803,1539.8763711601905,1550.4083153380573,1561.4292780013047,1572.9456249031052,1584.9625308406896,1597.4839392168237,1610.5125349090451,1624.0497309622003,1638.095669287282,1652.64923521129,1667.70808539449,1683.268688332617,1699.326376437888,1715.8754087310324,1732.9090444327635,1750.419635321345,1768.3987861518708,1786.8378568721948,1805.730299360805,1825.0839694554359,1844.9879825898217,1865.979573235122,1891.0811912801648
1417.3891192764831,1417.404365562548,1417.3023631071053,1417.1420665470296,1416.9540330229838,1416.754190269596,1416.550939268875,1416.3488168012404,1416.1503841228766,1415.957201390832,1415.7703310240586,1415.5905984188228,1415.4187277301562,1415.2554133795531,1415.1013585518313,1414.957296796942,1414.8240050481613,1414.7023123469635,1414.5931064932468,1414.4973397722472,1414.416034359807,1414.3502877245367,1414.3012781997224,1414.270270822823,1414.2586235018064,1414.2677935476136,1414.2993446016355,1414.3549539813994,1414.4364204643798,1414.5456725274948,1414.6847770579059,1414.8559485486646,1415.0615587904242,1415.3041470676044,1415.5864308640037,1415.9113170787382,1416.2819137484767,1416.7015422660859,1417.1737500789475,1417.7023238421561,1418.2913029925708,1418.944993698956,1419.6679831313777,1420.4651539791555,1421.3416991313238,1422.3031364162478,1423.3553232780914,1424.504471246928,1425.757160036743,1427.1203510812288,1428.6014002915713,1430.208069793396,1431.9485383722563,1433.8314103288867,1435.8657224176002,1438.0609485145164,1440.4270016376283,1442.9742329193396,1445.713427115192,1448.6557942216498,1451.8129567725605,1455.1969323900462,1458.8201111828253,1462.695227615158,1466.8353265143323,1471.253722945407,1475.9639557598036,1480.979734720055,1486.314881216456,1491.9832627218561,1497.9987212767026,1504.3749964549631,1511.1256434291295,1518.2639469241938,1525.8028320206197,1533.7547729281905,1542.1317009990407,1550.9449133715752,1560.2049837300628,1569.921676720612,1580.103867577339,1590.759468478686,1601.8953630708363,1613.5173504632487,1625.630099823,1638.2371164751519,1651.3407201631087,1664.9420358456152,1679.0409971172905,1693.6363620538496,1708.7257410387474,1724.305636075773,1740.3714920110829,1756.917766225351,1773.9380581757753,1791.4255339206857,1809.3749593647535,1827.79368120463,1846.7626959474997,1866.7796940532367,1890.7076117355643
1450.7297690531873,1450.7453502037406,1450.646324530448,1450.4904726875416,1450.3076396103577,1450.1133251053704,1449.9156718021536,1449.719056702874,1449.525937133375,1449.3377999449801,1449.1556501671203,1448.9802631938503,1448.8123156054935,1448.6524537470561,1448.501330433812,1448.3596253882833,1448.2280574294546,1448.1073925404385,1447.9984499408456,1447.9021072630346,1447.8193054042003,1447.7510533555655,1447.6984331711415,1447.6626051672824,1447.644813407797,1447.6463915106165,1447.668768802323,1447.7134768417186,1447.7821563306609,1447.8765644285181,1447.9985824850394,1448.1502242048953,1448.3336442554287,1448.5511473270435,1448.8051976531672,1449.0984289936036,1449.4336550814369,1449.8138805291937,1450.242312184772,1450.722370921498,1451.2577038395727,1451.8521968479236,1452.5099875860947,1453.2354786350816,1454.0333509539596,1454.9085774656025,1455.8664366997643,1456.9125263851724,1458.0527768641539,1459.293464183596,1460.6412226949685,1462.1030569736681,1463.6863528445167,1465.3988872759353,1467.2488368807758,1469.2447847373126,1471.3957252203297,1473.711066510229,1476.200630428656,1478.8746492332953,1481.7437589935141,1484.818989163687,1488.111747973825,1491.6338032689753,1495.397258451343,1499.414523213543,1503.6982787992345,1508.261437589539,1513.1170968909537,1518.278486893002,1523.7589128714294,1529.5716918341427,1535.73008394061,1542.2472191681943,1549.1360198475118,1556.40911983868,1564.0787812662809,1572.1568098669138,1580.6544701234088,1589.5824014574926,1598.9505368222735,1608.7680250715393,1619.043158480632,1629.7833067502277,1640.9948587389388,1652.6831730436256,1664.8525383809433,1677.5061445245406,1690.6460643271305,1704.273247116912,1718.3875235323803,1732.9876217680512,1748.071195873959,1763.6348716912896,1779.674345067688,1796.1847331404463,1813.1623278071174,1830.6143285654143,1848.6143198328703,1867.6214193616452,1890.335360520254
1483.5967298433925,1483.6125220037889,1483.5160472268471,1483.3640411731565,1483.1857077880939,1482.9961583944637,1482.8032992015083,1482.6113597085175,1482.4227002775306,1482.2387385293514,1482.060424639114,1481.8884857550422,1481.723552294453,1481.566223846218,1481.417104238881,1481.2768209125022,1481.1460363498456,1481.0254555433091,1480.9158315394566,1480.817970112786,1480.732734113598,1480.6610477755949,1480.6039011361963,1480.5623546548995,1480.5375440803214,1480.530685599001,1480.5430812898953,1480.5761249038644,1480.631307984802,1480.7102263475283,1480.8145869263317,1480.946215006946,1481.10706185346,1481.299212740177,1481.5248953965754,1481.7864888712818,1482.0865328182056,1482.4277372047213,1482.8129924378304,1483.2453798996528,1483.7281828781595,1484.264897872829,1484.859246247685,1485.5151861959382,1486.2369249711253,1487.0289313290932,1487.8959481134225,1488.8430049037895,1489.8754306323667,1490.9988660576055,1492.2192759676573,1493.5429609673945,1494.9765686834733,1496.527104201516,1498.2019395282666,1500.0088218501053,1501.955880337744,1504.0516312260172,1506.3049808778742,1508.7252265239244,1511.322054353804,1514.1055346245334,1517.0861134446309,1520.274600892657,1523.6821551358664,1527.320262230492,1531.200711310654,1535.3355649095595,1539.737124205143,1544.4178890436776,1549.3905126692307,1554.6677511744194,1560.2624077878572,1566.1872722250546,1572.455055450193,1579.0783203237588,1586.0694087419313,1593.4403660040548,1601.2028632696,1609.3681190809828,1617.9468210277935,1626.9490487065107,1636.3841991822594,1646.2609161817654,1656.5870242355138,1667.369468940653,1678.6142644332979,1690.326449041183,1702.5100499378677,1715.1680574452384,1728.3024094523055,1741.9139863276482,1756.0026172014238,1770.5671024509097,1785.6052813068518,1801.1143149375237,1817.0921833689542,1833.546252428956,1850.5433643256747,1868.5050754731312,1889.964429702914
1516.0136716888978,1516.029557834696,1515.9352352761885,1515.7865157261972,1515.6120286008063,1515.4265333761734,1515.2377201346233,1515.0496822012567,1514.8646893986916,1514.6840938832026,1514.5087933327134,1514.3394682984592,1514.1767043733653,1514.021055649812,1513.87307829011,1513.7333489234131,1513.6024753827824,1513.481103621998,1513.3699227769223,1513.2696693796318,1513.1811312455404,1513.1051513048335,1513.0426315227135,1512.9945369883021,1512.9619002192478,1512.9458257123272,1512.9474947619135,1512.968170563774,1513.0092036194164,1513.0720374548291,1513.1582146665717,1513.2693833073336,1513.4073036222023,1513.5738551458187,1513.7710441692943,1514.0010115841346,1514.2660411084446,1514.5685678982627,1514.9111875440103,1515.296665448583,1515.7279465796137,1516.2081655836935,1516.7406572449445,1517.3289672640321,1517.9768633266121,1518.688346422106,1519.4676623646021,1520.3193134575245,1521.248070232411,1522.2589831797268,1523.3573943760202,1524.548948897022,1525.8396058904023,1527.2356491650878,1528.743697136261,1530.370711946777,1532.1240075668304,1534.0112566547891,1536.0404959433974,1538.2201298978011,1540.5589323753197,1543.0660460027166,1545.7509789752023,1548.623598973972,1551.6941238961379,1554.9731090941052,1558.471430831214,1562.2002656784757,1566.1710656040173,1570.3955285436923,1574.8855642887067,1579.6532555847514,1584.7108144070628,1590.0705334569545,1595.744733016906,1601.7457034020688,1608.0856433542642,1614.776594837686,1621.8303748106966,1629.2585046615845,1637.07213810404,1645.2819884259081,1653.898256068138,1662.930557575167,1672.387856999353,1682.2784008568176,1692.6096577176709,1703.3882634684526,1714.619973208773,1726.3096206405182,1738.4610856901222,1751.0772710417182,1764.1600886461702,1777.710460435096,1791.7283572783747,1806.21301967962,1821.164221094689,1836.5897504106802,1852.5503300222424,1869.430994161356,1889.5948127111383
1548.0022885982617,1548.0181576989369,1547.9256126528435,1547.779655321468,1547.608402865627,1547.4262970693158,1547.240830728245,1547.0559714809053,1546.8739045523796,1546.6959201246138,1546.5228655758854,1546.355376412289,1546.1939946743257,1546.0392301616419,1545.8915926332563,1545.7516093113763,1545.619834982024,1545.4968584072326,1545.3833069432212,1545.2798503331592,1545.1872041721965,1545.1061333031384,1545.0374552794328,1544.9820439704677,1544.9408333528254,1544.9148215153787,1544.9050748980767,1544.9127327802864,1544.939012032445,1544.9852121436838,1545.0527205373596,1545.1430181858568,1545.2576855354116,1545.398408751037,1545.5669862906675,1545.765335816595,1545.995501450801,1546.2596613791388,1546.5601358071847,1546.8993952681403,1547.2800692801663,1547.7049553471177,1548.1770282925477,1548.6994499122552,1549.2755789252094,1549.9089811966633,1550.6034402002706,1551.3629676783214,1552.1918144504266,1553.094481311435,1554.075729948605,1555.140593796537,1556.2943887356,1557.5427235260904,1558.8915098557165,1560.3469718627944,1561.9156549813856,1563.6044339382825,1565.420519714886,1567.3714652705582,1569.465169807791,1571.709881344493,1574.1141973449585,1576.6870631497093,1579.4377679356771,1582.3759379333726,1585.5115266271423,1588.8548016697066,1592.4163282533948,1596.206948699136,1600.2377580507775,1604.5200754978346,1609.065411494499,1613.8854304973393,1618.991909308442,1624.3966910845943,1630.111635155784,1636.1485628865487,1642.5191999100211,1649.2351151645194,1656.3076572637988,1663.7478888312394,1671.566519522026,1679.773838541911,1688.3796475426952,1697.3931948293452,1706.8231118482897,1716.6773529379861,1726.9631393094228,1737.686908185728,1748.8542679746874,1760.4699603262975,1772.5378302465294,1785.0608079649621,1798.0409224174068,1811.4794662089716,1825.3780481443519,1839.7450718381317,1854.63570399917,1870.3995105161198,1889.226504121865
1579.58252484153,1579.598271166874,1579.5071501840878,1579.3634618802362,1579.194869725143,1579.015529756647,1578.8327550282283,1578.650397227978,1578.4705624936714,1578.2944822758627,1578.1229557071345,1577.9565747122833,1577.7958389902274,1577.6412151998654,1577.493167906416,1577.352176266506,1577.2187435445744,1577.0934030614408,1576.9767224052016,1576.8693068368502,1576.771802367764,1576.6848987555757,1576.6093325480301,1576.5458902453356,1576.4954116216327,1576.458793231194,1576.4369921173975,1576.4310297387865,1576.4419961246226,1576.471054271398,1576.519444791198,1576.5884908224434,1576.6796032131253,1576.7942859862383,1576.9341420964888,1577.1008794866805,1577.2963174511663,1577.522393312649,1577.7811694171028,1578.0748404498868,1578.4057410739752,1578.7763538887673,1579.1893177049963,1579.647436127858,1580.1536864365278,1580.7112287437326,1581.3234154138638,1581.9938007123133,1582.7261506521024,1583.5244529965755,1584.3929273687193,1585.3360354086901,1586.3584909112428,1587.4652698640025,1588.6616202959183,1589.9530718328206,1591.3454448438083,1592.8448590483938,1594.4577414399766,1596.190833366562,1598.051196594931,1600.046218169905,1602.1836138664528,1604.4714300194255,1606.9180435042929,1609.5321596328968,1612.3228077215988,1615.299334085929,1618.4713922167796,1621.848929898915,1625.4421730441568,1629.261606029416,1633.317948354956,1637.6221274709542,1642.1852476615925,1647.0185549252617,1652.1333978475182,1657.5411845294473,1663.2533357077934,1669.281234283235,1675.6361715583569,1682.3292905750543,1689.3715270302055,1696.7735483356562,1704.545691470982,1712.6979003519496,1721.2396635007956,1730.179952853318,1739.5271645694716,1749.289062727204,1759.4727267776937,1770.0845036603923,1781.1299657535308,1792.6138778506363,1804.5401894239164,1816.9121513273683,1829.7331802625351,1843.012413158826,1856.7999559621908,1871.410960865177,1888.8594994845248
1610.7727687846116,1610.7882913253347,1610.6982599201926,1610.5563752368448,1610.3899023116376,1610.2127414065012,1610.032042215199,1609.8515495370368,1609.673295544677,1609.4984559774614,1609.3277836463037,1609.1618282782922,1609.0010483852247,1608.8458685890519,1608.6967094207898,1608.5540032546296,1608.4182032874587,1608.2897890608228,1608.1692702968596,1608.057189947489,1607.9541269152928,1607.860698681721,1607.7775639658212,1607.7054254798752,1607.64503281983,1607.5971855140128,1607.5627362465452,1607.5425942682634,1607.5377290063154,1607.549173882666,1607.5780303514182,1607.6254721645003,1607.6927498751415,1607.7811955882344,1607.8922279663923,1608.0273575000328,1608.1881920492453,1608.3764426644068,1608.5939296915813,1608.8425891675238,1609.1244795076752,1609.4417884888096,1609.7968405259226,1610.1921042405459,1610.630200314849,1611.1139096226261,1611.6461816245348,1612.2301430106559,1612.8691065686376,1613.5665802501749,1614.326276402533,1615.1521211249344,1616.048263702199,1617.0190860596579,1618.0692121744373,1619.2035173683346,1620.427137397088,1621.7454772395452,1623.1642194785065,1624.689332152547,1626.3270759454822,1628.084010567054,1629.9670001655206,1631.983217600043,1634.140147388671,1636.4455871365365,1638.90764723909,1641.5347486473559,1644.3356184767401,1647.319283238537,1650.4950594745847,1653.872541581133,1657.4615866186332,1661.2722959204032,1665.314993335653,1669.6001999715672,1674.1386053355027,1678.941034822058,1684.0184135407521,1689.3817265381772,1695.041975533078,1701.0101323531044,1707.2970893366798,1713.9136070409747,1720.8702596754897,1728.1773787578627,1735.844995561948,1743.8827829950108,1752.2999975987386,1761.105422415236,1770.3073114965164,1779.913336889345,1789.9305391752494,1800.365284246588,1811.2232394581454,1822.5094502195745,1834.2290389675923,1846.3919137863854,1859.0435345951355,1872.4656807665783,1888.4937951704046
1641.5900197992762,1641.605221779678,1641.515962480001,1641.3754409715923,1641.2105761507514,1641.0350406968787,1640.8558362796823,1640.6766092628322,1640.4993226256688,1640.3250992149615,1640.154647325903,1639.988475797939,1639.8270030579745,1639.6706127497569,1639.5196824829427,1639.3745990780526,1639.23576705212,1639.1036137475558,1638.978592822256,1638.8611869700235,1638.751910312581,1638.6513106889483,1638.5599719594434,1638.478516387001,1638.4076071311124,1638.3479508759963,1638.3003006078202,1638.2654585524547,1638.244279283641,1638.2376730107196,1638.2466090547055,1638.272119521364,1638.3153031798174,1638.377329555113,1638.459443243022,1638.5629684550963,1638.689313801684,1638.8399773201295,1639.0165517548205,1639.2207300949453,1639.4543113749264,1639.7192067413143,1640.0174457885585,1640.351183164424,1640.7227054438722,1641.1344382679642,1641.5889537417065,1642.0889780817395,1642.6373995013034,1643.2372763159838,1643.8918452493,1644.6045299122193,1645.378949425105,1646.2189271444634,1647.128499450022,1648.1119245402529,1649.1736911763333,1650.318527305777,1651.551408487604,1652.8775660309004,1654.3024947481495,1655.831960213717,1657.4720054066265,1659.228956605262,1661.1094283902237,1663.120327600329,1665.2688560760953,1667.56251201519,1670.0090897557498,1672.6166777964727,1675.3936548575712,1678.3486837844132,1681.4907030966206,1684.828915990045,1688.3727766079637,1692.1319734116148,1696.1164094993035,1700.3361797481832,1704.8015446838672,1709.5229010203225,1714.5107488562521,1719.7756555640221,1725.3282164629038,1731.1790124291247,1737.338564660171,1743.817286878492,1750.6254353288516,1757.7730569920996,1765.2699365041726,1773.1255423308762,1781.348972807232,1789.948902722864,1798.9335313550675,1808.3105341133369,1818.087028220444,1828.2696177728415,1838.864949458111,1849.8836523996247,1861.366864123078,1873.564003076181,1888.1293882430725
1672.0500326995193,1672.064821164887,1671.9760318438907,1671.8364556045203,1671.672714825526,1671.4982811912585,1671.3200227354955,1671.14149528821,1670.9645970895185,1670.7904007291513,1670.6195716847958,1670.4525791506733,1670.2898025224354,1670.1315854820864,1669.978263786802,1669.8301798812383,1669.6876909284513,1669.5511735760497,1669.4210271268282,1669.2976759553446,1669.1815715960668,1669.0731947197994,1668.9730571102639,1668.8817037000995,1668.7997146992593,1668.7277078356274,1668.6663407212463,1668.6163133543096,1668.578370765666,1668.553305817808,1668.5419621641295,1668.5452373760736,1668.5640862458222,1668.599524272126,1668.6526313368731,1668.7245555798715,1668.8165174792164,1668.9298141443273,1669.0658238284836,1669.2260106671679,1669.411929648058,1669.6252318176996,1669.8676697291155,1670.1411031334546,1670.4475049175996,1670.7889672880685,1671.1677081998623,1671.5860780267642,1672.0465664673336,1672.551809678003,1673.104597621694,1673.707881616761,1674.364782067208,1675.0785963505982,1675.8528068352518,1676.6910889927644,1677.5973195659724,1678.575584745837,1679.6301883036683,1680.765659617331,1681.986761521906,1683.2984979064443,1684.7061209693068,1686.2151380348707,1687.8313178245762,1689.5606960650873,1691.409580306369,1693.3845538124317,1695.4924783781296,1697.7404959164155,1700.1360286527727,1702.6867777568782,1705.4007202369278,1708.2861039192946,1711.3514403362697,1714.605495347625,1718.0572773283805,1721.7160227657841,1725.591179123626,1729.692384851995,1734.029446445762,1738.6123124856706,1743.451044632001,1748.5557855823313,1753.936724051596,1759.6040568840888,1765.5679484624306,1771.838487637002,1778.425642459687,1785.3392130668867,1792.5887831191803,1800.1836702814678,1808.1328764158543,1816.445039138838,1825.128392814884,1834.190790742968,1843.6401392271355,1853.4876437058294,1863.7703411027821,1874.706256095581,1887.766276345701
1702.1674433086616,1702.1817287737135,1702.0931212146947,1701.9540927881862,1701.791016559134,1701.6171883462641,1701.4393560742274,1701.2609924399198,1701.0839351091736,1700.9092088832717,1700.7374380219267,1700.5690532540941,1700.4043959524492,1700.2437708139082,1700.087472770584,1699.9358010211788,1699.7890666428586,1699.6475970223023,1699.511738730721,1699.381859659137,1699.2583508252044,1699.1416280600126,1699.0321336817979,1698.9303382126984,1698.8367421693617,1698.7518779456136,1698.6763117991768,1698.6106459514365,1698.55552080779,1698.5116173055353,1698.4796593959807,1698.460416667425,1698.454707115675,1698.4634000688284,1698.4874192730774,1698.5277461463297,1698.585423206394,1698.661557680437,1698.7573253022504,1698.8739743036983,1699.0128296063824,1699.1752972192194,1699.3628688470885,1699.5771267151083,1699.8197486123238,1700.0925131576575,1700.3973052898818,1700.7361219820414,1701.1110781792454,1701.5244129569521,1701.9784958948353,1702.4758336589512,1703.019076782282,1703.6110266306782,1704.25464253785,1704.9530490892291,1705.7095435303086,1706.5276032703787,1707.4108934474273,1708.3632745143439,1709.388809800443,1710.491772995724,1711.676655498177,1712.9481735569354,1714.3112751360823,1715.7711464156334,1717.3332178375738,1719.003169596063,1720.7869364620099,1722.6907118234742,1724.720950814769,1726.8843723991338,1729.187960262455,1731.6389623692162,1734.244889026789,1737.013509300823,1739.9528456231358,1743.071166434559,1746.37697670909,1749.8790062127978,1753.5861953616609,1757.5076785572178,1761.6527648978958,1766.0309161874552,1770.6517221901695,1775.5248731154054,1780.6601293517651,1786.0672885130355,1791.756149903988,1797.7364765636066,1804.0179550968007,1810.6101535726416,1817.5224779182786,1824.7641279780555,1832.3440592930679,1840.2709907108529,1848.5537373683458,1857.203835675408,1866.2543314523018,1875.8927618058547,1887.4044576025854
1731.9558780959499,1731.9695742434599,1731.8808728978997,1731.742013464296,1731.5791646969008,1731.4054703487127,1731.2275709760088,1731.0488630855825,1730.8711276698393,1730.695344057447,1730.5220967990049,1730.3517792802804,1730.1846958167698,1730.0211130593862,1729.861286103405,1729.705471986357,1729.5539369134447,1729.4069603786045,1729.264837765581,1729.127882222319,1728.996426206843,1728.8708229055092,1728.7514476259844,1728.6386992182418,1728.5330015523623,1728.4348050698486,1728.3445884191542,1728.2628601832705,1728.1901607058282,1728.1270640215969,1728.0741798970396,1728.0321559865451,1728.001680110024,1727.9834826576207,1727.9783391274054,1727.9870728019707,1728.0105575699306,1728.0497208983447,1728.1055469620856,1728.1790799361079,1728.2714274564996,1728.383764255993,1728.517335979428,1728.6734631842999,1728.853545531163,1729.059066168115,1729.2915963129908,1729.5528000361217,1729.8444392456156,1730.1683788760329,1730.5265922801113,1730.9211668216783,1731.3543096662843,1731.828353764087,1732.345764017404,1732.9091436227952,1733.5212405748175,1734.1849543154085,1734.9033425094215,1735.6796279229527,1736.517205376872,1737.4196487433096,1738.390717947796,1739.4343659342494,1740.5547455441451,1741.756216254843,1743.0433507154341,1744.4209410113874,1745.894004581995,1747.4677897070505,1749.1477804715228,1750.9397011092458,1752.8495196190615,1754.8834505394361,1757.0479567606922,1759.3497502476666,1761.7957915402467,1764.3932878949624,1767.149689928021,1770.0726866191133,1773.17019853635,1776.45036914613,1779.9215540779564,1783.5923082234947,1787.4713705618535,1791.5676466194145,1795.8901884927016,1800.4481723870235,1805.2508736518378,1810.3076393261708,1815.6278582447194,1821.2209288039894,1827.0962245985986,1833.2630586759706,1839.730650773337,1846.5081277676688,1853.6047745521992,1861.0321072508084,1868.8191677295074,1877.1238341923922,1887.043930532414
1761.4280502940715,1761.4410737149722,1761.3520146222872,1761.2129624159597,1761.049924531666,1760.8759152393625,1760.697479747694,1760.5179448971276,1760.339038665522,1760.1616970845687,1759.9864664210245,1759.8137037857625,1759.6436773630144,1759.4766166612283,1759.3127378899405,1759.152256967682,1758.9953963907383,1758.8423890671165,1758.693480663377,1758.5489312366585,1758.4090165381103,1758.2740291816358,1758.1442797761763,1758.020098072137,1757.9018341489289,1757.789859658896,1757.6845691371484,1757.5863813840335,1757.4957409256701,1757.413119557386,1757.3390179747119,1757.2739674965176,1757.2185318849745,1757.1733092670881,1757.138934162674,1757.116079623751,1757.1054594904374,1757.1078307685027,1757.1239961338224,1757.1548065690044,1757.201164137484,1757.2640249003664,1757.3444019812187,1757.4433687839455,1757.5620623686755,1757.7016869904082,1757.8635178048512,1758.0489047455267,1758.2592765757477,1758.4961451185181,1758.761109666724,1759.055861575181,1759.3821890351624,1759.7419820309203,1760.137237476451,1760.5700645292723,1761.0426900763246,1761.5574643851953,1762.116866911736,1762.7235122527172,1763.3801562295093,1764.089702085751,1764.8552067787164,1765.6798873404166,1766.5671272805457,1767.520482999027,1768.5436901712849,1769.6406700643136,1770.8155357362984,1772.0725980668137,1773.4163715587154,1774.8515798465332,1776.3831608398214,1778.0162714232706,1779.756291628833,1781.6088281884831,1783.5797173698709,1785.6750269910162,1787.9010575046075,1790.264342037505,1792.7716452670295,1795.4299610126332,1798.2465084199987,1801.2287266146172,1804.3842677038676,1807.7209880106927,1811.2469374285915,1814.9703467968513,1818.8996132072818,1823.0432831691014,1827.410033578223,1832.008650465337,1836.8480055686518,1841.9370311477576,1847.2846960309723,1852.9000048626792,1858.7921836446658,1864.9722665286827,1871.4651466678124,1878.3997776659053,1886.6846939714464
1790.5958444880803,1790.6081144560549,1790.5184442991836,1790.3788532220922,1790.2152284886863,1790.040476350001,1789.861058026002,1789.6802368294084,1789.4996911600217,1789.3203157991647,1789.1426200777512,1788.9669258499357,1788.7934660570547,1788.6224339349446,1788.4540077232643,1788.2883632234127,1788.1256803379085,1787.9661466381644,1787.8099594750154,1787.657327385237,1787.5084711692923,1787.3636248278763,1787.2230364516265,1787.086969112183,1786.9557017798404,1786.8295302817587,1786.708768309105,1786.5937484788365,1786.4848234545257,1786.3823671300925,1786.2867758800649,1786.1984698799693,1786.1178945004806,1786.0455217790554,1785.981851972879,1785.927415197058,1785.8827731521155,1785.8485209449482,1785.8252890074896,1785.8137451174505,1785.8145965255342,1785.8285921936347,1785.8565251485127,1785.8992349555247,1785.9576103168959,1786.032591799056,1786.1251746934274,1786.2364120149496,1786.367417642472,1786.519369604879,1786.693513516569,1786.8911661655131,1787.1137192567,1787.3626433132379,1787.639491736757,1787.9459050280118,1788.283615167738,1788.65445015679,1789.0603387134895,1789.5033151247433,1789.9855242460826,1790.5092266440279,1791.0768038723668,1791.6907638717892,1792.3537464800238,1793.0685290370106,1793.8380320668402,1794.6653250150357,1795.553632016412,1796.5063376650287,1797.5269927538375,1798.6193199473435,1799.7872193461144,1801.0347738971836,1802.366254599392,1803.7861254474815,1805.299048053421,1806.909885877918,1808.623707999598,1810.4457923438274,1812.3816282878574,1814.4369185538526,1816.6175802967261,1818.9297452895,1821.379759105493,1823.974179194033,1826.719771744912,1829.6235072365753,1832.6925545643226,1835.9342736478939,1839.3562064232083,1842.9660661340188,1846.7717248780023,1850.7811995989925,1855.0026384566465,1859.444322744131,1864.1148009359076,1869.024049409994,1874.1925269749872,1879.720885583858,1886.3267470052563
1819.4703913280616,1819.4818296029598,1819.3913048787076,1819.250843278949,1819.086251342763,1818.9103477348588,1818.7295204352602,1818.546975012512,1818.3643435199153,1818.1824814159404,1818.0018623720503,1817.8227739570361,1817.6454147223092,1817.4699424689552,1817.296498349135,1817.125219010793,1816.9562428326667,1816.7897132449698,1816.6257806199962,1816.4646034684692,1816.3063493068853,1816.1511953775573,1815.9993293122393,1815.8509497852103,1815.7062671795263,1815.5655042791109,1815.4288969940549,1815.2966951237768,1815.1691631615495,1815.04658114322,1814.9292455428265,1814.817470217647,1814.7115874053266,1814.6119487757142,1814.5189265401857,1814.4329146212713,1814.3543298855413,1814.283613442766,1814.2212320145054,1814.1676793753231,1814.1234778699722,1814.0891800099123,1814.0653701526803,1814.0526662676011,1814.0517217914992,1814.0632275779915,1814.087913944093,1814.1265528177626,1814.1799599901033,1814.2489974758146,1814.334575985501,1814.4376575132735,1814.5592580430202,1814.700450376479,1814.8623670860773,1815.0462035951834,1815.2532213881248,1815.4847513518696,1815.7421972508573,1816.0270393358414,1816.3408380870155,1816.6852380909002,1817.0619720496513,1817.4728649204371,1817.9198381814654,1818.4049142199592,1818.9302208360243,1819.4979958547633,1820.1105918372905,1820.770480879374,1821.4802594843557,1822.242653494676,1823.060523063852,1823.9368676480324,1824.874830993309,1825.8777060918612,1826.9489400766038,1828.0921390204994,1829.3110726029108,1830.6096786014793,1831.9920671639072,1833.4625248098964,1835.0255181091534,1836.6856969771843,1838.447897526254,1840.3171444048235,1842.2986525547597,1844.3978283119807,1846.6202697728863,1848.9717663461988,1851.4582974079578,1854.086029978256,1856.861315355201,1859.790684779218,1862.8808452834926,1866.1386854216435,1869.57136794199,1873.1871187089,1877.0015273988556,1881.0874388764962,1885.9700889077403
1848.0621337443986,1848.0726643998707,1847.9810506866888,1847.8394002777563,1847.6734768626802,1847.4960309980527,1847.3133876083682,1847.1286999735032,1846.9435568424672,1846.758776168233,1846.5747971726723,1846.3918740667516,1846.2101718314607,1846.0298136405966,1845.8509044093255,1845.673542559589,1845.4978259736624,1845.3238550852607,1845.151734565155,1844.9815743213815,1844.8134901700776,1844.64760435336,1844.4840459918191,1844.322951515483,1844.1644650954122,1844.0087390875117,1843.8559344948412,1843.7062214522214,1843.559779735614,1843.4167992982666,1843.2774808352658,1843.1420363781215,1843.010689920935,1842.8836780797612,1842.7612507868002,1842.6436720211284,1842.5312205777045,1842.4241908765066,1842.322893813643,1842.2276576564375,1842.1388289844497,1842.056773678568,1841.981877960258,1841.914549483225,1841.8552184796954,1841.804338963678,1841.7623899935263,1841.7298769962413,1841.7073331559275,1841.695320868901,1841.6944332679182,1841.705295818053,1841.728567986692,1841.7649449901655,1841.8151596194302,1841.8799841472362,1841.9602323190727,1842.0567614301617,1842.170474490573,1842.302322480453,1842.4533066971178,1842.6244811955885,1842.8169553238408,1843.03189635378,1843.2705322085574,1843.5341542864683,1843.8241203811763,1844.1418576975068,1844.4888659614144,1844.8667206220953,1845.277076143413,1845.721669381005,1846.2023230404545,1846.7209492109296,1847.2795529674802,1847.880236034025,1848.5252004975869,1849.2167525629584,1849.9573063352868,1850.7493876163928,1851.595637698749,1852.4988171390692,1853.461809491364,1854.4876249770714,1855.5794040675535,1856.7404209517954,1857.9740868596273,1859.2839532081755,1860.6737145366283,1862.1472111916996,1863.70843172371,1865.3615149515815,1867.1107516614438,1868.9605859727915,1870.9156169874193,1872.9806060773053,1875.1605337389205,1877.461063707509,1879.8923250614992,1882.4997047804172,1885.614719086604
1876.380885822096,1876.3904350936741,1876.297506402561,1876.1543613029773,1875.9867570524207,1875.8073946918698,1875.6225457513654,1875.4353163736712,1875.247254870375,1875.0591434041496,1874.8713878952153,1874.6842100831268,1874.497742166315,1874.312073469781,1874.1272734918596,1873.9434033215061,1873.7605213315148,1873.5786860560493,1873.3979576849897,1873.2183988807742,1873.0400752654662,1872.8630557494994,1872.6874127867259,1872.5132225976479,1872.3405653816526,1872.1695255287123,1872.0001918359146,1871.8326577316673,1871.6670215092308,1871.5033865705866,1871.3418616814042,1871.182561237709,1871.025605544804,1870.8711211089708,1870.7192409424745,1870.5701048823967,1870.423859923829,1870.280660567973,1870.14066918569,1870.0040563970745,1869.871001467601,1869.7416927214413,1869.6163279725108,1869.495114973854,1869.3782718859277,1869.2660277644,1869.1586230680248,1869.0563101871905,1868.9593539937036,1868.8680324123784,1868.7826370149705,1868.7034736369935,1868.63086301791,1868.565141465188,1868.506661542649,1868.4557927835308,1868.4129224285978,1868.3784561896255,1868.3528190384789,1868.336456021977,1868.3298331026176,1868.3334380251817,1868.3477812091087,1868.3733966664486,1868.410842945043,1868.4607040964875,1868.5235906682317,1868.600140719058,1868.6910208569386,1868.7969272981322,1868.918586946102,1869.0567584886555,1869.2122335113988,1869.385837625359,1869.578431606292,1869.7909125429005,1870.0242149908058,1870.2793121287734,1870.557216913266,1870.8589832269909,1871.1857070166488,1871.5385274146108,1871.9186278387522,1872.3272370641257,1872.7656302596283,1873.2351299821785,1873.7371071204022,1874.2729817790776,1874.8442240950799,1875.4523549747619,1876.0989467422144,1876.78562368736,1877.5140625052725,1878.2859926421102,1879.103196770318,1879.9675133526357,1880.8808577852392,1881.8454001401808,1882.865054061411,1883.9579356822217,1885.2606370346905
1904.4358853086246,1904.4443814591532,1904.3499196558084,1904.2049855322057,1904.035364974143,1903.8537272751707,1903.66629974537,1903.4761462597016,1903.2847773964481,1903.0929411482825,1902.9010112239325,1902.7091777393382,1902.5175408682137,1902.3261568376827,1902.1350605204484,1901.944276532775,1901.7538246867316,1901.5637226688725,1901.3739873558445,1901.184635459596,1900.9956838422925,1900.8071496678674,1900.619050472099,1900.4314041912626,1900.2442291689342,1900.057544150343,1899.8713682687521,1899.685721025856,1899.500622266967,1899.3160921511342,1899.1321511160386,1898.9488198372912,1898.7661191816885,1898.5840701538693,1898.4026938357836,1898.2220113182832,1898.0420436241443,1897.8628116216955,1897.6843359282423,1897.5066368023297,1897.3297340238842,1897.153646761132,1896.9783934231627,1896.8039914968622,1896.6304573668888,1896.4578061172233,1896.286051312731,1896.1152047590435,1895.9452762389371,1895.776273223245,1895.608200554185,1895.4410600988265,1895.2748503702394,1895.1095661136783,1894.9451978549591,1894.7817314079587,1894.6191473379354,1894.4574203771192,1894.2965187887385,1894.1364036753698,1893.9770282271656,1893.8183369051915,1893.6602645547175,1893.5027354429324,1893.3456622151023,1893.1889447627505,1893.032468996918,1892.8761055190446,1892.7197081813988,1892.5631125283835,1892.406134109318,1892.2485666525909,1892.0901800902266,1891.9307184210602,1891.7698973997196,1891.6074020375938,1891.4428839007874,1891.2759581888345,1891.1062005765314,1890.9331437997862,1890.7562739646428,1890.5750265569088,1890.3887821276644,1890.1968616278373,1889.9985213623972,1889.7929475321196,1889.5792503276714,1889.3564575374717,1889.123507626877,1888.8792422420256,1888.6223980868454,1888.3515981162354,1888.0653419815033,1887.761995649526,1887.439780041964,1887.0967579395347,1886.7308131871619,1886.3395705879686,1885.919804340741,1885.4623680737718,1884.9078422861396
1932.2358405801483,1932.243213780003,1932.1470080683175,1932.0000013678145,1931.828041986279,1931.6437844687746,1931.4534206264432,1931.2599766730577,1931.0649280063687,1930.8689899809954,1930.672505130351,1930.4756327581918,1930.2784417428966,1930.0809559383022,1929.8831763550593,1929.68509196587,1929.4866849346056,1929.2879331096426,1929.0888111722475,1928.8892911208975,1928.6893424246941,1928.4889320086577,1928.2880241502285,1928.0865803253932,1927.884559022758,1927.6819155340472,1927.4786017246151,1927.274565785147,1927.0697519644925,1926.864100282922,1926.657546224748,1926.4500204089995,1926.2414482367053,1926.0317495131603,1925.8208380434633,1925.6086211994354,1925.3949994559393,1925.179865894437,1924.9631056714884,1924.7445954497312,1924.524202788691,1924.301785492596,1924.0771909121522,1923.8502551970312,1923.6208024955638,1923.3886440979013,1923.1535775186119,1922.9153855143884,1922.673835032226,1922.4286760830737,1922.1796405355938,1921.926440824247,1921.6687685654952,1921.4062930754137,1921.1386597815097,1920.8654885209437,1920.5863717167856,1920.300872423202,1920.0085222298105,1919.7088190145669,1919.401224533748,1919.0851618365684,1918.7600124909852,1918.42511360603,1918.0797546348108,1917.7231739408521,1917.354555108999,1916.973022980305,1916.5776393885594,1916.1673985739214,1915.7412222469034,1915.2979542733171,1914.8363549479702,1914.3550948216857,1913.8527480426649,1913.3277851691794,1912.7785654061533,1912.2033282130517,1911.6001842249193,1910.967105421864,1910.3019144751458,1909.6022731896412,1908.8656699532473,1908.08940609296,1907.2705810253224,1906.4060760748796,1905.4925368183906,1904.5263537940496,1903.5036413938737,1902.420214732779,1901.2715642595117,1900.0528278411014,1898.7587600108197,1897.3836979953603,1895.9215238228608,1894.3656194051205,1892.7087903586457,1890.9429452612308,1889.056620813182,1887.0132216198658,1884.5563343774784
1959.7889727378952,1959.7951549569702,1959.6970014140202,1959.5476486717102,1959.3730400683976,1959.1858316793578,1958.9921881150037,1958.7951022887598,1958.5960168304514,1958.39561590527,1958.1942118579166,1957.9919339560756,1957.7888204861856,1957.5848636271037,1957.3800312657938,1957.1742775295538,1956.967547813486,1956.7597810956333,1956.5509109342356,1956.3408657952737,1956.1295690601564,1955.9169388485298,1955.7028877581731,1955.487322532847,1955.2701437023109,1955.0512451740217,1954.8305138083706,1954.6078289477182,1954.383061929542,1954.1560755499393,1953.9267235088362,1953.6948498003164,1953.4602880810692,1953.2228609777576,1952.9823793680991,1952.7386415938236,1952.4914326420953,1952.2405232508772,1951.9856689765634,1951.7266091765837,1951.4630659469904,1951.1947429648555,1950.921324277079,1950.6424729824637,1950.35782985011,1950.0670118179276,1949.7696104155875,1949.465190052536,1949.1532862164656,1948.8334035195412,1948.5050136386033,1948.167553083142,1947.8204208377908,1947.4629758094172,1947.094534125702,1946.714366211318,1946.3216936882627,1945.915686022177,1945.495456960283,1945.0600606780768,1944.6084876787806,1944.1396603574635,1943.6524282713142,1943.1455630220607,1942.6177527883892,1942.0675964075508,1941.49359703898,1940.8941553011193,1940.2675619074857,1939.6119896836196,1938.9254849819022,1938.2059583642538,1937.4511745577386,1936.6587415386844,1935.8260987345957,1934.9505041813168,1934.0290206040052,1933.0585002361438,1932.035568317798,1930.9566050572062,1929.8177259606448,1928.614760274928,1927.343227399153,1925.9983109569555,1924.574830320914,1923.067209208502,1921.4694410529619,1919.7750506699736,1917.9770518021958,1916.0678999255795,1914.0394397306734,1911.8828464691176,1909.588560335164,1907.146212749209,1904.544542939036,1901.7712992803513,1898.8130862223466,1895.6548073706674,1892.2754859289769,1888.6106803868151,1884.20609350338
1987.1030535821487,1987.1079784963886,1987.0076796590313,1986.8557168815355,1986.6781600264212,1986.487682305046,1986.2904290265915,1986.0893639385095,1985.885899181133,1985.6806891046708,1985.4740168014666,1985.265982250017,1985.0565938192976,1984.8458126909452,1984.63357433785,1984.4197988155645,1984.2043955933066,1983.9872657127632,1983.768302633051,1983.547392421925,1983.3244136148828,1983.0992368970174,1982.8717246830945,1982.641730630554,1982.4090991023227,1982.1736645853598,1981.9352510677306,1981.6936713730054,1981.448726451215,1981.200204623143,1980.9478807760865,1980.6915155070026,1980.430854210614,1980.1656261077624,1979.8955432110824,1979.6202992226486,1979.3395683601145,1979.053004105295,1978.7602378710494,1978.4608775796062,1978.154506147419,1977.8406798687363,1977.5189266920656,1977.188744380587,1976.8495985496163,1976.500920570848,1976.1421053351607,1975.7725088621694,1975.391445746715,1974.9981864286126,1974.5919542739543,1974.1719224520377,1973.7372105939044,1973.2868812138634,1972.8199358771537,1972.3353110918417,1971.8318739046306,1971.3084171746914,1970.7636545008647,1970.1962147714612,1969.6046363066343,1968.987360556483,1968.3427253181571,1967.6689574275276,1966.9641648802767,1966.226328328403,1965.4532918963234,1964.6427532504404,1963.7922528527247,1962.8991623166817,1961.9606717786894,1960.9737761830834,1959.935260371216,1958.8416828467984,1957.6893580779667,1956.474337174131,1955.1923867586665,1953.83896583005,1952.409200379892,1950.897855499496,1949.2993046723755,1947.6074959015905,1945.8159142723537,1943.917540485019,1941.9048048247873,1939.7695359448144,1937.5029037410204,1935.09535547148,1932.536544131018,1929.8152479127607,1926.9192793798911,1923.8353827100116,1920.549117059156,1917.0447236565697,1913.3049733035689,1909.3109858868127,1905.0419699788426,1900.4744200786486,1895.576389062218,1890.2549665669771,1883.8571605068637
2014.1854397054053,2014.1890426072314,2014.0864070922757,2013.9315791889944,2013.7507857319058,2013.5567320381406,2013.3555516454621,2013.1501830530938,2012.9420100697562,2012.7316585304056,2012.5193831697413,2012.3052553903399,2012.0892542968684,2011.8713107251776,2011.6513284230664,2011.429194117274,2011.2047821667745,2010.9779565707809,2010.7485716756016,2010.5164722324107,2010.2814931217185,2010.0434588968328,2009.8021832190889,2009.5574682189094,2009.3091037978552,2009.056866877525,2008.8005205965655,2008.539813454686,2008.274478401317,2008.004231865786,2007.7287727254225,2007.4477812075493,2007.160917721033,2006.8678216126366,2006.5681098431419,2006.2613755777343,2005.9471866848162,2005.6250841368924,2005.2945803067582,2004.9551571516195,2004.606264277287,2004.247316873862,2003.8776935137628,2003.4967338020742,2003.103735868502,2002.6979536892188,2002.27859422599,2001.8448143688208,2001.3957176672354,2000.9303508339385,2000.4477000032193,1999.9466867248073,1999.426163672178,1998.8849100422926,1998.3216266216436,1997.734930490989,1997.1233493385455,1996.4853153483214,1995.8191586269968,1995.1231001289118,1994.3952440345938,1993.633569533426,1992.8359219558088,1992.000003194069,1991.1233613446361,1990.2033794962424,1989.237263580211,1988.2220291889037,1987.1544872571271,1986.0312284882727,1984.8486063922392,1983.60271878507,1982.2893875807815,1980.9041366831611,1979.4421677593361,1977.8983336465212,1976.2671091082511,1974.5425586152564,1972.7183007781948,1970.7874690029862,1968.742667873238,1966.5759246857174,1964.278635471992,1961.8415047285835,1959.2544779459458,1956.5066658678847,1953.58625922217,1950.4804324318434,1947.175234535853,1943.6554652042944,1939.9045333119827,1935.9042950130536,1931.6348676077534,1927.0744146339673,1922.1988960950894,1916.9817714485096,1911.393591845704,1905.4009262710576,1898.9592177063375,1891.9462239861246,1883.5095123191081
2041.0431032931897,2041.0453210136836,2040.940163174898,2040.7822234455762,2040.5979150918731,2040.3999899099836,2040.1945768460778,2039.9845928688105,2039.771395497171,2039.5555832840018,2039.33738345836,2039.1168395322097,2038.8939019747322,2038.66847190654,2038.4404220151293,2038.2096064167374,2037.9758651449506,2037.7390260174975,2037.4989052133965,2037.255307204849,2037.0080243548507,2036.7568363298979,2036.501509398678,2036.2417956495628,2035.9774321411076,2035.7081399906574,2035.4336234015975,2035.1535686274492,2034.8676428697345,2034.575493105723,2034.2767448416826,2033.9710007867166,2033.6578394419382,2033.3368135992182,2033.007448743387,2032.6692413511953,2032.32165707994,2031.9641288379707,2031.5960547288241,2031.2167958599398,2030.8256740062923,2030.4219691184073,2030.0049166634037,2029.5737047867299,2029.127471281225,2028.6653003489714,2028.1862191401553,2027.689194051728,2027.1731267671298,2026.6368500166195,2026.0791230358573,2025.4986266982735,2024.8939582944402,2024.2636259290034,2023.6060425029073,2022.9195192452912,2022.2022587559122,2021.4523475147714,2020.667747811132,2019.8462890388878,2018.9856582995144,2018.0833902471973,2017.13685610339,2016.1432517595647,2015.0995848774244,2014.0026608848912,2012.8490677538098,2011.6351594310377,2010.3570377783312,2009.010532857649,2007.5911813769394,2006.0942030864862,2004.5144748870189,2002.8465023771641,2001.084388528762,1999.2217991327827,1997.251924605065,1995.1674376780427,1992.9604464303147,1990.6224420178655,1988.14424036616,1985.5159169575236,1982.7267336987843,1979.765056674368,1976.6182633729086,1973.2726377118981,1969.7132508635473,1965.923825491164,1961.886580520038,1957.5820529654247,1952.9888925905145,1948.0836242264309,1942.8403713939201,1937.2305333061086,1931.2224048831429,1924.7807216500883,1917.866054261524,1910.433421374461,1902.4238328915264,1893.6845979270684,1883.1631482037778
2067.682660178535,2067.6834310159707,2067.575570633621,2067.414280302545,2067.226188246484,2067.024106550671,2066.8141664207233,2066.5992668238264,2066.380740923066,2066.159161159069,2065.9347280678767,2065.7074579287846,2065.477273182053,2065.2440458426195,2065.0076181803456,2064.7678123946707,2064.524434950462,2064.2772783125492,2064.0261214008124,2063.7707294032766,2063.510853253931,2063.2462289218506,2062.976576580872,2062.7015996913824,2062.4209840076087,2062.134396514705,2061.841484295558,2061.5418733247852,2061.2351671862007,2060.9209457090997,2060.598763518226,2060.26814849165,2059.9286001204073,2059.579587763141,2059.2205487885635,2058.8508865978797,2058.4699685187907,2058.077123561937,2057.671640029987,2057.2527629686892,2056.8196914483974,2056.3715756635456,2055.9075138365547,2055.426548911387,2054.9276650207908,2054.409783709726,2053.871759896008,2053.312377547341,2052.7303450521204,2052.124290259061,2051.4927551585233,2050.834190175554,2050.1469480418477,2049.4292772104204,2048.679314773132,2047.8950788369957,2047.0744603105743,2046.2152140464568,2045.314949279927,2044.371119297185,2043.3810102589239,2042.3417290964478,2041.2501903877308,2040.1031021096678,2038.8969501500617,2037.6279814482898,2036.2921856169473,2034.8852748775064,2033.4026621209316,2031.8394368786023,2030.1903389592358,2028.4497294730863,2026.6115589245303,2024.669332007239,2022.6160686811284,2020.4442610455285,2018.145825446683,2015.7120491671235,2013.1335309369747,2010.4001143787832,2007.5008133436932,2004.4237279116228,2001.1559496044042,1997.6834540891753,1993.9909793178613,1990.0618866421032,1985.8780019418066,1981.419433184029,1976.6643600537088,1971.5887903245687,1966.166276408655,1960.3675839571808,1954.160302373461,1947.5083844562753,1940.3715985077358,1932.7048664804488,1924.457399535739,1915.5709372926103,1905.9700498930943,1895.4702138480943,1882.8180672837789
2094.1103951899704,2094.1096588445043,2093.9989208412535,2093.8340486307557,2093.6419130359454,2093.435399708673,2093.220648655124,2093.000544192802,2092.7763969612834,2092.5487543994673,2092.3177911259163,2092.08349681925,2091.8457664761486,2091.6044435953354,2091.35934065053,2091.110248594542,2090.856941053339,2090.5991759366448,2090.336695777973,2090.069227435539,2089.7964814567304,2089.5181512503555,2089.233912134187,2088.943420288357,2088.646311627087,2088.342200592398,2088.030678869023,2087.7113140174,2087.3836480202904,2087.047195737746,2086.701443264439,2086.3458461828554,2085.9798277052196,2085.6027766965312,2085.2140455703643,2084.8129480485295,2084.398756774875,2083.970700772792,2083.527962735048,2083.069676133688,2082.594922136648,2082.1027263166125,2081.592055136327,2081.061812193276,2080.510834204946,2079.9378867143523,2079.341659493447,2078.7207616200685,2078.0737162016267,2077.3989547162228,2076.6948109389014,2075.9595144175714,2075.1911834594284,2074.387817584694,2073.5472893998794,2072.667335837658,2071.745548704617,2070.7793644716276,2069.7660532341497,2068.7027067613894,2067.5862255436937,2066.4133047366918,2065.180418888287,2063.8838053204563,2062.5194460215016,2061.0830478857965,2059.570021116475,2057.9754555817503,2056.2940948866863,2054.520307888935,2052.6480573479384,2050.67086535179,2048.581775112545,2046.3733086583895,2044.0374198771028,2041.5654422780713,2038.9480307362905,2036.1750963582015,2033.2357334611302,2030.118137480231,2026.8095124019983,2023.2959660629501,2019.5623913346346,2015.5923308273566,2011.3678222662938,2006.8692211010464,2002.0749961713552,1996.961493326676,1991.50266072993,1985.6697280929989,1979.430830193303,1972.7505625718782,1965.5894541233122,1957.9033370624309,1949.642588735823,1940.751207132058,1931.1656148394559,1920.8124449299937,1909.597638712285,1897.3031770898579,1882.474268524959
2120.3322852361434,2120.329982749959,2120.2161969307867,2120.047518670347,2119.851088193193,2119.639877491336,2119.420041620108,2119.194453432141,2118.964402780571,2118.7304131571773,2118.492634003615,2118.2510290051796,2118.00546628007,2117.75576138098,2117.501697586708,2117.243035251073,2116.979515865384,2116.710863552747,2116.4367852995806,2116.156970550394,2115.871090464966,2115.5787969798303,2115.279721740123,2114.9734749313047,2114.6596440224293,2114.337792423974,2114.0074580587857,2113.6681518424334,2113.3193560678455,2112.9605226882823,2112.5910714919037,2112.210388160659,2111.8178222054717,2111.4126847691755,2110.9942462878093,2110.5617340002445,2110.114329295188,2109.651164883755,2109.1713217847746,2108.6738261089,2108.157645626384,2107.621686102049,2107.0647873794883,2106.4857191949404,2105.8831766994144,2105.25577566571,2104.6020473546837,2103.9204330126768,2103.2092779692493,2102.466825301268,2101.6912090259652,2100.880446781731,2100.0324319510296,2099.1449251750296,2098.215545203972,2097.241759021209,2096.220871171745,2095.1500122183115,2094.0261262389013,2092.8459572695756,2091.6060345846035,2090.302656692799,2088.931873913545,2087.4894693786787,2085.9709382861165,2084.3714652080726,2082.6858992297443,2080.9087266633837,2079.0340410463587,2077.0555100897973,2074.9663391949302,2072.7592310965024,2070.4263411243983,2067.95922749422,2065.348795942099,2062.585237905573,2059.6579613167246,2056.5555129112013,2053.265490760871,2049.774445500932,2046.067768434262,2042.1295643440665,2037.9425064138659,2033.4876701207704,2028.7443423058382,2023.6898007984676,2018.299058932009,2012.5445679719805,2006.3958688004802,1999.8191820452037,1992.7769230497088,1985.227124433873,1977.1227441797655,1968.410830732331,1959.0315075426786,1948.9167227817888,1937.988637297544,1926.1568569314309,1913.306324757626,1899.1835726868258,1882.1317507204185
2146.3540203480525,2146.3500940503254,2146.2330948637755,2146.060393130834,2145.8594244823175,2145.643259546032,2145.4180743984734,2145.186733454817,2144.950507429099,2144.709896868,2144.465026743819,2144.2158353324867,2143.9621644194813,2143.703802163176,2143.4405032292425,2143.171997998591,2142.897996507699,2142.6181898336717,2142.3322502233077,2142.039830587343,2141.740563655931,2141.434060935051,2141.1199115286154,2140.7976808547196,2140.466909267052,2140.12711058375,2139.777770521736,2139.4183450321616,2139.048258531257,2138.6669020199415,2138.2736310847667,2137.8677637721025,2137.448578326751,2137.015310785437,2136.5671524148697,2136.1032469831457,2135.622687852391,2135.1245148794565,2134.607711110381,2134.071199253055,2133.513837911181,2132.934417561042,2132.3316562509845,2131.7041950015523,2131.0505928822495,2130.3693217385,2129.6587605398718,2128.9171893177513,2128.1427826574536,2127.333602706178,2126.4875916542437,2125.6025636424674,2124.676196043594,2123.706020059877,2122.6894105725805,2121.6235751717927,2120.5055422868036,2119.3321483278346,2118.1000237393337,2116.805577852854,2115.444982413652,2114.014153639249,2112.508732649915,2110.9240640900052,2109.2551727348077,2107.4967378494894,2105.6430650340985,2103.688055250729,2101.6251706846215,2099.447397039248,2097.147201804514,2094.7164879656416,2092.14654253541,2089.427979192051,2086.5506741851464,2083.5036945288616,2080.275217329722,2076.852438888999,2073.22147196846,2069.3672293027557,2065.2732910677787,2060.9217535547496,2056.293055731502,2051.365779665791,2046.116419901221,2040.519115762869,2034.5453391575147,2028.163528629528,2021.3386581110378,2014.031725790112,2006.19914457201,1997.7920103870642,1988.75521762169,1979.0263814967589,1968.5345139550543,1957.1983771802575,1944.9243591129543,1931.6030305860188,1917.0957896969294,1901.1114652715848,1881.7905124769395
2172.181022895448,2172.175416351566,2172.055042669995,2171.8781064590557,2171.672364000776,2171.450996400591,2171.220206466399,2170.9828530547584,2170.740189303435,2170.4926937664727,2170.240467623158,2169.983424301797,2169.721379782412,2169.4540953630726,2169.1812976594592,2168.9026876850526,2168.6179446779856,2168.3267273834717,2168.028674085953,2167.7234020080828,2167.410506369628,2167.089559244131,2166.760108276742,2166.421675290811,2166.073754793488,2165.7158123820727,2165.347283048501,2164.9675693770737,2164.576039629097,2164.17202570714,2163.7548209907964,2163.323678035103,2162.8778061219605,2162.4163686541274,2161.938480380453,2161.443204440071,2160.9295492122365,2160.3964649572963,2159.842840233081,2159.2674980695247,2158.669191882855,2158.0466011088906,2157.398326533193,2156.722885293579,2156.0187055283063,2155.2841206404796,2154.5173631464604,2153.7165580726723,2152.879715861687,2152.004724744269,2151.0893425296053,2150.1311877606527,2149.127730175889,2148.07628041202,2146.973978874963,2145.8177836978516,2144.6044576953923,2143.3305542129415,2141.9924017563494,2140.5860872743733,2139.1074379493025,2137.5520013327027,2135.915023641809,2134.191426007183,2132.3757784337004,2130.4622712034816,2128.444683410759,2126.3163482732975,2124.070114812105,2121.698305428849,2119.192668837098,2116.5443277166933,2113.7437203576105,2110.78053543694,2107.643638925847,2104.3209919470546,2100.7995581907267,2097.065199238854,2093.1025558344545,2088.8949127478004,2084.4240444194857,2079.6700379756608,2074.611089483585,2069.2232684050923,2063.4802440582152,2057.352966440949,2050.8092919097376,2043.8135418065845,2036.3259790123607,2028.3021833183248,2019.6923011005258,2010.4401375506513,2000.4820499379352,1989.7455869708351,1978.1478004395806,1965.5931250158537,1951.970632685444,1937.1497708661655,1920.9656724641045,1903.086899066522,1881.4505522037025
2197.818465168078,2197.8111231326498,2197.6872180494333,2197.505842466489,2197.295097837429,2197.068287155649,2196.8316454225824,2196.588028674652,2196.3386739564467,2196.084038735125,2195.8242010437816,2195.5590500036965,2195.288376299029,2195.0119148845765,2194.729364871295,2194.4403984909445,2194.144664817549,2193.8417909532427,2193.531381968703,2193.2130202117055,2192.886264274259,2192.55064775442,2192.205677874969,2191.850833985701,2191.485565958875,2191.1092924790105,2190.721399223834,2190.321236930952,2189.9081193433085,2189.4813210255197,2189.0400750423096,2188.583570489424,2188.1109498666024,2187.6213062812794,2187.1136804707,2186.587057629139,2186.0403640256854,2185.4724633968453,2184.8821530967693,2184.2681599863727,2183.62913604091,2182.9636536536354,2182.2702006111026,2181.5471747132547,2180.792878008917,2180.005510614284,2179.183164078849,2178.323814259444,2177.425313659115,2176.4853831828163,2175.5016032568738,2174.471404253243,2173.3920561530963,2172.260657376774,2171.0741226987666,2169.829170156783,2168.5223068530827,2167.1498135338566,2165.70772781818,2164.191825931865,2162.597602782794,2160.920250192843,2159.154633076641,2157.295263328717,2155.3362711471805,2153.2713734833183,2151.0938392611574,2148.7964509580133,2146.3714620747437,2143.810549950998,2141.1047632939467,2138.244463685906,2135.2192602135474,2132.0179362145172,2128.628366961018,2125.03742688714,2121.230884709135,2117.1932844740045,2112.907810187989,2108.3561312044153,2103.5182249664067,2098.3721729736144,2092.893924932756,2087.0570249061157,2080.832291818612,2074.1874448262606,2067.086661655841,2059.4900549172107,2051.353047316013,2042.6256213045851,2033.251411503791,2023.1665984902793,2012.298549222348,2000.5641309000684,1987.8675988272105,1974.097918025939,1959.1252756910217,1942.7958335740213,1924.9155704056432,1905.109897957952,1881.1118681031048
2223.27128548936,2223.2621538625885,2223.134564504527,2222.948550484213,2222.732582255119,2222.5000956981003,2222.2573632348603,2222.007240687382,2221.7509504149357,2221.48892965943,2221.221233926648,2220.9477285513376,2220.668179414468,2220.3822956283084,2220.089749327195,2219.7901845279594,2219.483220753455,2219.1684541274562,2218.845457228193,2218.513778310964,2218.1729401879866,2217.822438899911,2217.461742240109,2217.0902881576258,2216.707483047755,2216.3126999307983,2215.9052765153506,2215.4845131400803,2215.049670586552,2214.5999677545424,2214.1345791904205,2213.6526324582724,2213.1532053425412,2212.635322869997,2212.0979541377897,2211.5400089332056,2210.9603341294714,2210.3577098405476,2209.7308453163614,2209.0783745581502,2208.398851631778,2207.6907456547433,2206.9524354302703,2206.1822036993294,2205.378230978463,2204.5385889481577,2203.661233352798,2202.743996369269,2201.784578396678,2200.780539214576,2199.7292884513035,2198.6280752975845,2197.473977393135,2196.263888805738,2194.994507012787,2193.6623187845084,2192.263584855872,2190.794323260097,2189.250291180713,2187.626965160576,2185.9195194851727,2184.1228025329265,2182.2313108570233,2180.2391607303384,2178.1400568469153,2175.9272578287805,2173.5935381348045,2171.131145906969,2168.531756217352,2165.7864190937835,2162.885501601056,2159.818623134072,2156.574582935397,2153.1412786769,2149.505614736865,2145.653398551799,2141.5692231153653,2137.236333321741,2132.636473389764,2127.7497120344424,2122.554241344374,2117.0261444379603,2111.139125856576,2104.864197240013,2098.1693090256713,2091.0189165921397,2083.3734662568404,2075.188782596611,2066.41533335326,2056.997341236369,2046.8717025578749,2035.9666598288409,2024.2001577412254,2011.477787111676,1997.6901857697185,1982.7097108325183,1966.386076091719,1948.539928569212,1928.9450405516748,1907.1804656470679,1880.7744581634154
2248.544203010082,2248.5332287971587,2248.401806150522,2248.2109601937254,2247.9895535463884,2247.7511655846797,2247.5021111537235,2247.2452483410443,2246.9817861573592,2246.7121424393,2246.4363507577464,2246.154253162252,2245.8655912070885,2245.570048647104,2245.2672711516457,2244.9568750712765,2244.6384509702566,2244.311564635741,2243.9757568488653,2243.6305425256223,2243.2754095135583,2242.9098171772607,2242.5331948326593,2242.144940055296,2241.744416870893,2241.3309538282506,2240.9038419502976,2240.4623325567472,2240.0056349503557,2239.5329139576334,2239.0432873139744,2238.535822882131,2238.009535692103,2237.4633847893465,2236.896269877214,2236.307027738116,2235.6944284167466,2235.057171146959,2234.3938800024403,2233.703099249278,2232.983288376624,2232.232816779249,2231.4499580633155,2230.6328839438474,2229.7796576991627,2228.8882271440984,2227.9564170797576,2226.981921173197,2225.9622932153593,2224.8949376999967,2223.777099659951,2222.605853689952,2221.3780920770196,2220.090511950253,2218.7396013513485,2217.32162411519,2215.832603436212,2214.26830398057,2212.62421238623,2210.895515972411,2209.077079456055,2207.163419445403,2205.1486764489337,2203.026584100753,2200.7904352603155,2198.4330445937953,2195.946707185049,2193.3231526543514,2190.553494180553,2187.6281717246584,2184.536888636473,2181.2685406872265,2177.811136404519,2174.1517073855366,2170.2762070220147,2166.1693957757293,2161.814710783619,2157.1941171298536,2152.2879375772154,2147.0746568735403,2141.530695904116,2135.630149899063,2129.3444835612127,2122.642174267515,2115.4882922980137,2107.8440041990257,2099.6659816684514,2090.9056934488517,2081.508551186688,2071.412871431624,2060.548603989891,2048.8357603577115,2036.1824529186006,2022.48242289496,2007.6118877287654,1991.42546648409,1973.7507970481279,1954.3807230528225,1933.0536009964258,1909.2985858720358,1880.43832015326
2273.641731312423,2273.628862585617,2273.4934613344863,2273.2975952644265,2273.0705416934507,2272.8260337271513,2272.570433424622,2272.3066034997787,2272.035740884334,2271.7582447902105,2271.4741274207136,2271.1832080232825,2270.8852042864937,2270.5797750778597,2270.266540097569,2269.9450885611714,2269.61498264745,2269.2757584267297,2268.9269255537006,2268.567966330432,2268.198334423799,2267.8174533688966,2267.4247149174726,2267.019477255847,2266.601063100009,2266.1687576674694,2265.7218065211387,2265.2594132782224,2264.780737175568,2264.284890481773,2263.7709357453523,2263.2378828672763,2262.684685985124,2262.110240155025,2261.5133778163004,2260.8928650224016,2260.2473974202762,2259.57559595863,2258.8760023038008,2258.1470739398947,2257.3871789276786,2256.594590294197,2255.7674800223604,2254.90391260666,2254.001838137734,2253.059084874653,2252.0733512595016,2251.0421973239245,2249.9630354319447,2248.833120297086,2247.6495382049907,2246.409195364779,2245.108805303492,2243.7448752078417,2242.3136911058905,2240.811301768136,2239.233501192382,2237.575809519465,2235.8334522070654,2234.001337265876,2232.0740303360103,2230.045727350821,2227.91022449977,2225.660885160476,2223.2906034216912,2220.79176376214,2218.156196383459,2215.3751276167372,2212.4391247289504,2209.338034344851,2206.060913567811,2202.5959527249242,2198.930388471499,2195.050405760334,2190.9410269024347,2186.5859856059506,2181.9675834636582,2177.0665258461195,2171.8617335219833,2166.3301255343677,2160.446367868521,2154.1825811909684,2147.507999344809,2140.3885682415007,2132.786472149616,2124.6595709426833,2115.96072734901,2106.636997248406,2096.6286480160043,2085.8679590012944,2074.27774324715,2061.7695087062402,2048.241147784784,2033.5740018369652,2017.6290855021432,2000.2421616895283,1981.2171817105952,1960.3168448842284,1937.2407323734833,1911.4642226958003,1880.103451617714
2298.568190939643,2298.553376802832,2298.4138551785372,2298.212785913547,2297.97988294852,2297.7290429954937,2297.466679915764,2297.195663297478,2296.917179199285,2296.6316089517004,2296.3389439339726,2296.038981057121,2295.7314145901687,2295.415878968975,2295.0919684051996,2294.7592454939663,2294.4172445830427,2294.0654726247785,2293.703408794508,2293.3305034793534,2292.946176919987,2292.54981763565,2292.1407806905872,2291.718385825617,2291.281915462034,2290.8306125768636,2290.3636784443197,2289.880270235924,2289.3794984702304,2288.860424301891,2288.322056638788,2287.763349074829,2287.18319662499,2286.5804322479094,2285.9538231401248,2285.3020667845235,2284.6237867341,2283.9175281102657,2283.1817527931107,2282.4148342788067,2281.6150521769864,2280.780586318267,2279.909510439102,2278.9997854078756,2278.049251952376,2277.055622844711,2276.0164744949766,2274.9292378998325,2273.791188886102,2272.5994375829946,2271.350917048814,2270.042370969646,2268.6703403376055,2267.2311490053544,2265.720888000804,2264.1353984716648,2262.470253112848,2260.7207359108766,2258.881820017536,2256.948143539886,2254.9139830045315,2252.7732242202974,2250.519330224044,2248.1453059484934,2245.643659197134,2243.006357448209,2240.2247799353845,2237.289664364829,2234.1910475240766,2230.918198913886,2227.459546385694,2223.8025925890174,2219.933820818068,2215.8385885864127,2211.501006941575,2206.9038031437594,2202.028163856255,2196.8535554057894,2191.3575169382975,2185.5154213786886,2179.3001979484798,2172.6820085308314,2165.6278683019773,2158.1011986397957,2150.061297193929,2141.4627059072477,2132.2544523641836,2122.379132609315,2111.771793812104,2100.3585618054126,2088.05494004791,2074.763680624235,2060.372090933009,2044.748586141663,2027.7382182952604,2009.1567917339212,1988.782957867637,1966.3468859090156,1941.5058794114952,1913.677320853562,1879.7698498758136