48000.0,48370.0,48740.0,49110.0,49480.0,49850.0,50220.0,50590.0,50960.0,51330.0,51700.0,52070.0,52440.0,52810.0,53180.0,53550.0,53920.0,54290.0,54660.0,55030.0,55400.0,55770.0,56140.0,56510.0,56880.0,57250.0,57620.0,57990.0,58360.0,58730.0,59100.0,59470.0,59840.0,60210.0,60580.0,60950.0,61320.0,61690.0,62060.0,62430.0,62800.0,63170.0,63540.0,63910.0,64280.0,64650.0,65020.0,65390.0,65760.0,66130.0,66500.0,66870.0,67240.0,67610.0,67980.0,68350.0,68720.0,69090.0,69460.0,69830.0,70200.0,70570.0,70940.0,71310.0,71680.0,72050.0,72420.0,72790.0,73160.0,73530.0,73900.0,74270.0,74640.0,75010.0,75380.0,75750.0,76120.0,76490.0,76860.0,77230.0,77600.0,77970.0,78340.0,78710.0,79080.0,79450.0,79820.0,80190.0,80560.0,80930.0,81300.0,81670.0,82040.0,82410.0,82780.0,83150.0,83520.0,83890.0,84260.0,84630.0,85000.0
490.00753698259786,490.0074203221618,490.0073048748412,490.0071906243017,490.00707755447837,490.00696564956996,490.00685489403435,490.0067452725828,490.0066367701759,490.006529372018,490.0064230635533,490.0063178304606,490.00621365864913,490.0061105342544,490.0060084436333,490.0059073733606,490.00580731022455,490.0057082412227,490.0056101535582,490.005513034636,490.00541687205896,490.00532165362426,490.0052273673197,490.00513400132036,490.005041543985,490.0049499838528,490.00485930963987,490.00476951023626,490.00468057470283,490.00459249226765,490.00450525232367,490.0044188444253,490.0043332582856,490.00424848377344,490.0041645109108,490.00408132986996,490.00399893097074,490.00391730467805,490.0038364415992,490.00375633248154,490.0036769682097,490.0035983398035,490.0035204384154,490.0034432553284,490.00336678195333,490.003291009827,490.0032159306101,490.0031415360848,490.00306781815243,490.00299476883214,490.0029223802584,490.002850644679,490.0027795544532,490.00270910205,490.0026392800463,490.0025700811245,490.00250149807135,490.0024335237762,490.0023661512287,490.00229937351776,490.00223318382945,490.00216757544564,490.00210254174243,490.00203807618817,490.00197417234256,490.0019108238547,490.00184802446165,490.00178576798737,490.00172404834075,490.0016628595146,490.00160219558427,490.001542050706,490.0014824191161,490.00142329512914,490.00136467313706,490.0013065476078,490.00124891308417,490.00119176418224,490.00113509559094,490.00107890207016,490.00102317845005,490.0009679196297,490.0009131205763,490.00085877632364,490.00080488197165,490.00075143268464,490.00069842369106,490.00064585028196,490.0005937078102,490.00054199168943,490.00049069739333,490.00043982045446,490.0003893564634,490.000339301068,490.0002896499723,490.0002403989359,490.00019154377276,490.0001430803508,490.00009500459083,490.0000473124659,490.0
490.2747501541851,490.24560563946966,490.2230576021507,490.20551948399725,490.1917947170453,490.18096907984125,490.1723561793061,490.16542665261875,490.15978689539094,490.1551291967659,490.15122856157524,490.14790533914515,490.14503168684513,490.14250205729996,490.1402444934405,490.1381963655402,490.1363177374728,490.13457085549317,490.13293400445343,490.13138386756395,490.1299089796029,490.1284944215508,490.1271343837414,490.12581885126656,490.12454503099286,490.1233057901971,490.1220998445906,490.12092177213526,490.1197709433847,490.11864296700173,490.11753739121855,490.11645046011705,490.11538163876895,490.1143275773678,490.11328752013105,490.1122583922618,490.1112391483332,490.11022691732643,490.1092203325454,490.1082166940277,490.10721430061176,490.1062106175704,490.10520360329105,490.1041909033265,490.1031701299771,490.1021391420918,490.10109519627713,490.10003641449447,490.09895968125346,490.09786344795344,490.0967442018841,490.0956008068036,490.09442931757854,490.093229109986,490.0919957602129,490.0907292724561,490.0894246862292,490.0880827670145,490.0866979474987,490.0852719031344,490.0837983773081,490.0822801188788,490.080710087279,490.07909228144547,490.0774187705243,490.0756949914941,490.07391200617315,490.0720768865353,490.070179560925,490.0682289397514,490.0662136851538,490.0641447534934,490.0620094053188,490.0598208527661,490.05756482299336,490.0552569958996,490.0528814472613,490.0504565422126,490.0479646183061,490.0454269590482,490.04282413846624,490.0401806306818,490.0374753371173,490.03473628269467,490.03194100369666,490.0291216213678,490.02625501742426,490.02337833070584,490.0204692521911,490.01757160443134,490.0146667660672,490.01180836779247,490.0089870235762,490.0062721344458,490.0036741558728,490.0012897312145,489.9991693875715,489.99745918415664,489.99628833187256,489.99589531295516,489.99656190605964
490.2203861066448,490.19099080506453,490.1683728743053,490.15090276210043,490.1373461873508,490.1267642350642,490.1184456371061,490.1118473875702,490.1065590538267,490.102265946128,490.0987313697153,490.09577267082676,490.0932536415351,490.09106805748297,490.08913782611364,490.08740096047995,490.08581294003653,490.0843373664627,490.0829490740427,490.0816264538523,490.08035546579856,490.0791230427796,490.07792151334706,490.07674274278713,490.07558268334196,490.0744360508315,490.0733008408836,490.07217342140854,490.07105292443055,490.06993668166837,490.0688244433044,490.06771411076045,490.06660575829744,490.06549763230913,490.06438996613565,490.06328122378045,490.06217170688893,490.06106002559335,490.0599465016765,490.0588298519292,490.05771039449263,490.05658693163264,490.05545976796094,490.05432778043695,490.0531912580859,490.0520491476484,490.0509017248305,490.0497480045,490.0485882535918,490.04742155519705,490.0462481731099,490.0450672596146,490.0438790813646,490.04268286116707,490.04147887447874,490.0402664160192,490.03904577567926,490.0378163213682,490.0365783625832,490.0353313415016,490.03407559187525,490.03281063101315,490.0315368210573,490.030253755159,490.0289618275793,490.0276607080467,490.0263508265205,490.02503193043276,490.0237044893892,490.0223683307624,490.02102396911806,490.0196713164868,490.0183109409667,490.0169428490434,490.01556767776344,490.0141855478705,490.012797194419,490.01140289157706,490.0100035280252,490.00859960768935,490.00719227964464,490.0057824250143,490.00437165809603,490.00296152057314,490.0015544845043,490.00015329541964,489.9987620350182,489.99738569351496,489.99603140261354,489.9947083917409,489.9934296037508,489.99221233262205,489.9910806311759,489.99006720396324,489.98921739706,489.98859345530235,489.9882816230088,489.98840091749025,489.98911630999305,489.99065621137623,489.9933375343519
490.10804072211374,490.078798565374,490.0563331974119,490.03902733382955,490.0256526160241,490.01527497153535,490.0071835943061,490.0008372667578,489.9958238306126,489.9918293283557,489.9886146591554,489.9859977024063,489.9838398139693,489.9820354252248,489.9805042230972,489.97918508221295,489.9780315419257,489.97700825842844,489.9760883972769,489.9752515530896,489.9744822548422,489.97376874061064,489.97310210857614,489.9724755898727,489.971884073607,489.97132366976433,489.97079145040396,489.9702851813647,489.9698031881481,489.96934418573306,489.96890721629586,489.9684915358834,489.96809659358894,489.9677219509476,489.96736728523814,489.9670323274021,489.9667168797053,489.9664207637427,489.96614384707374,489.96588599620753,489.96564710935615,489.96542707122023,489.96522579046473,489.96504315423437,489.9648790697974,489.9647334173582,489.9646060958004,489.9644969727271,489.964405934514,489.9643328327181,489.9642775388121,489.9642398862176,489.964219730188,489.9642168847899,489.96423118845485,489.96426243526975,489.96431044675364,489.96437499683935,489.96445589045237,489.96455288158256,489.9646657592611,489.9647942581349,489.9649381524561,489.96509715859503,489.96527103768483,489.96545948954457,489.96566226467013,489.9658790491083,489.966109586573,489.96635355394017,489.96661069443377,489.96688068365523,489.96716327510075,489.9674581570964,489.9677651125112,489.9680838678383,489.96841427011935,489.9687561310578,489.9691094263671,489.9694741409309,489.9698504999865,489.97023882729775,489.9706398256144,489.9710544711756,489.9714843762442,489.97193176494204,489.97239998008234,489.9728936268231,489.97341934244787,489.973986273832,489.97460733720055,489.97530034805607,489.97609020646894,489.97701129184617,489.97811141147446,489.97945663930847,489.9811386437044,489.983284247731,489.98606926582374,489.9897372057021,489.9946257139579
490.14303279373775,490.1139747572876,490.0916228346932,490.0743750404764,490.0610148598897,490.0506174389446,490.0424790990701,490.036064179637,490.0309647901505,490.02687029834277,490.02354412438615,490.02080610685096,490.01851905427276,490.01657852131865,490.01490499590744,490.01343796626736,490.01213137749176,490.010950190577,490.009867739323,490.00886373799835,490.0079227432635,490.00703300374903,490.00618556426116,490.00537360419395,490.00459191473493,490.00383652069485,490.00310437410974,490.0023931400901,490.00170101584513,490.00102661124004,490.0003688404657,489.9997268571291,489.99909998799734,489.998487699373,489.99788955523206,489.99730520145573,489.99673433815184,489.99617671400193,489.9956321068801,489.99510032386104,489.9945811867474,489.9940745351831,489.9935802151408,489.9930980836772,489.9926279992614,489.9921698273382,489.9917234318552,489.9912886811598,489.99086544035663,489.9904535772718,489.9900529554285,489.98966343992913,489.98928489092896,489.98891716935424,489.9885601308055,489.9882136310689,489.98787752041306,489.9875516488747,489.9872358609339,489.98693000057074,489.9866339063231,489.98634741612693,489.9860703627796,489.98580257859857,489.98554389134466,489.98529412877076,489.9850531151109,489.98482067565726,489.98459663401906,489.9843808169919,489.9841730529659,489.98397317759304,489.9837810340571,489.98359648049586,489.983419393472,489.9832496789649,489.983087281564,489.98293220246705,489.98278451915434,489.9826444169069,489.98251222795864,489.98238848888394,489.98227401627105,489.98217001341845,489.9820782148643,489.9820010869317,489.98194210256366,489.9819061204589,489.98189990717765,489.9819328563326,489.9820179809695,489.98217328096666,489.9824236316413,489.9828033885841,489.9833599878509,489.9841589176169,489.98529059512805,489.98687987709167,489.9890992301069,489.99218697760415,489.99647261523415
490.22050560834657,490.1913580502139,490.1689054237758,490.1515395729791,490.1380404494974,490.12748139478157,490.1191580448483,490.1125347418068,490.1072040126449,490.10285585804917,490.0992544360264,490.0962203394184,490.0936171134735,490.091340994566,490.0893130973715,490.0874734663516,490.0857765459433,490.0841877322311,490.0826807476504,490.08123564347665,490.07983727972686,490.0784741693941,490.077137599359,490.07582096259273,490.07451925046786,490.07322866750087,490.0719463385674,490.0706700870063,490.06939826600177,490.0681296309947,490.06686324269236,490.0655983938352,490.0643345534576,490.06307132493123,490.06180841394274,490.0605456045043,490.05928274054287,490.05801971221484,490.05675644529305,490.0554928933824,490.05422903176384,490.052964852985,490.0517003632462,490.05043557991974,490.0491705293804,490.04790524562793,490.0466397689355,490.0453741451039,490.04410842456997,490.0428426620264,490.0415769157861,490.0403112476166,490.03904572224553,490.0377804073266,490.0365153730209,490.0352506920506,490.03398643932303,490.03272269205127,490.0314595294066,490.03019703270405,490.028935285085,490.02767437178125,490.0264143798482,490.0251553985421,490.0238975191531,490.0226408355665,490.02138544429044,490.02013144533794,490.018878942634,490.0176280454737,490.0163788696579,490.0151315400112,490.013886192907,490.0126429807555,490.01140207716855,490.01016368514,490.0089280472168,490.007695460631,490.0064662969637,490.00524103041124,490.00402027545726,490.0028048400139,490.0015957972927,490.00039458615515,489.9992031480041,489.99802411689603,489.99686108022314,489.99571893978526,489.99460440849725,489.9935266976129,489.9924984641574,489.99153712143976,489.99066664867206,489.9899200948098,489.9893430406254,489.9889983921247,489.98897301712657,489.9893869434029,489.99040611285665,489.992260085404,489.99526663668763
490.2002624353741,490.17099759291125,490.1484305236243,490.13095577648215,490.11735491932905,490.1067021891815,490.0982936507224,490.0915937807474,490.08619506435514,490.0817873614769,490.07813464170005,490.075057293687,490.0724186625656,490.07011479931634,490.06806665362376,490.0662141268524,490.0645115421169,490.0629241940001,490.06142572121325,490.059996106258,490.0586201530244,490.0572863283657,490.0559858810626,490.054712171865,490.05346016436135,490.0522260380882,490.0510068947724,490.04980053525065,490.04860529025274,490.0474198919722,490.0462433767547,490.0450750112731,490.04391423666294,490.0427606261475,490.0416138530256,490.0404736663809,490.03933987277264,490.0382123223267,490.0370908982852,490.03597550904806,490.03486608222147,490.03376256006385,490.0326648961061,490.0315730525419,490.0304869983143,490.0294067076152,490.0283321588071,490.02726333355326,490.0262002162143,490.0251427933373,490.0240910533215,490.0230449861122,490.02200458301934,490.02096983652945,490.0199407402132,490.0189172886076,490.0178994771789,490.0168873022525,490.01588076101694,490.01487985149635,490.0138845725978,490.0128949241366,490.0119109069472,490.0109325229932,490.00995977558887,490.00899266966115,490.0080312121748,490.0070754126764,490.00612528410375,490.00518084385936,490.00424211534573,490.00330913003984,490.00238193040303,490.00146057385,490.00054513826495,489.9996357295638,489.998732492158,489.9978356233394,489.9969453931494,489.9960621717401,489.9951864671444,489.9943189773504,489.99346066219283,489.99261284256215,489.99177733742266,489.9909566530506,489.9901542445398,489.9893748772476,489.9886251266014,489.9879140694384,489.98725424067624,489.9866629576191,489.986164153945,489.9857909205786,489.9855890275116,489.9856218076508,489.9859769331194,489.9867758230896,489.9881867144246,489.9904428366958,489.9938677113559
490.1663896494361,490.1371738865984,490.11463137939114,490.0971686669536,490.08357560937424,490.07293212486644,490.0645381200119,490.05786062305407,490.0524937702107,490.0481284490544,490.0445292290663,490.0415168088661,490.0389546499467,490.0367387929817,490.03479009662,490.0330483217083,490.0314676221995,490.0300131085746,490.0286582291886,490.027382775306,490.02617136175286,490.02501227011834,490.02389656833776,490.02281744082535,490.021769679037,490.02074929415073,490.01975322274996,490.0187791032277,490.0178251060281,490.0168898047771,490.0159720785334,490.01507103763805,490.0141859675279,490.0133162861424,490.01246151168766,490.0116212382122,490.0107951171494,490.00998284333735,490.0091841444746,490.0083987731337,490.00762650075404,490.00686711308947,490.0061204067986,490.00538618685636,490.0046642646288,490.00395445640663,490.00325658232725,490.0025704655478,490.00189593165027,490.0012328081795,490.0005809243236,489.9999401106601,489.99931019899486,489.9986910222288,489.9980824142886,489.9974842100666,489.99689624541014,489.99631835711045,489.99575038293654,489.9951921616675,489.9946435331736,489.9941043385033,489.99357442003156,489.99305362163426,489.9925417889528,489.99203876972484,489.99154441426094,489.9910585760662,489.99058111271427,489.9901118870146,489.98965076863647,489.98919763630624,489.9887523808487,489.988314909334,489.9878851508009,489.9874630640981,489.9870486486944,489.9866419595264,489.98624312746637,489.985852387482,489.9854701174614,489.9850968916969,489.9847335546547,489.9843813226967,489.984041924461,489.9837177945974,489.98341234129686,489.9831303157903,489.98287832292976,489.9826655269151,489.98250462717664,489.9824132082837,489.98241560803655,489.98254550367375,489.9828494939017,489.9833920625421,489.98426246046847,489.9855842529998,489.98752857467923,489.9903325468487,489.9943248960154
490.188535251096,490.1593599945732,490.1368349455255,490.11937067189234,490.1057602195024,490.09508602742085,490.08664999641593,490.0799207307158,490.0744936101053,490.0700605015112,490.0663867439438,490.06329363917024,490.06064512015723,490.0583375951006,490.05629220833714,490.05444894219295,490.0527621219113,490.0511969902112,490.049727097458,490.04833231368434,490.0469973147537,490.04571042990955,490.04446276477296,490.043247534158,490.0420595547313,490.0408948593328,490.0397504039327,490.03862384502764,490.0375133706456,490.03641757206685,490.03533534652394,490.03426582339404,490.0332083082689,490.0321622405527,490.0311271613636,490.03010268920934,490.02908850159446,490.0280843210836,490.02708990477834,490.02610503634,490.02512951997676,490.0241631758798,490.02320583679165,490.0222573453941,490.021317552351,490.02038631481037,490.019463495289,490.0185489608098,490.01764258226547,490.01674423391864,490.0158537930391,490.0149711396108,490.0140961561264,490.01322872741434,490.0123687405258,490.011516084634,490.01067065098067,490.00983233282483,490.009001025434,490.008176626078,490.0073590340681,490.0065481508062,490.0057438798932,490.0049461272667,490.0041548014272,490.0033698137348,490.0025910788483,490.00181851531505,490.0010520464103,490.0002916012743,489.9995371165032,489.99878853831825,489.99804582557425,489.99730895387654,489.9965779212681,489.99585275603215,489.9951335274496,489.99442036058144,489.9937134566397,489.99301312101176,489.9923198018796,489.9916341434016,489.9909570590249,489.99028983252794,489.98963425738276,489.9889928289823,489.9883690099322,489.9877675962573,489.9871952231429,489.9866610635876,489.9861777939655,489.9857629289404,489.9854406678135,489.9852444492928,489.98522048815096,489.98543267353114,489.985969356918,489.9869527645997,489.98855205887236,489.99100147811066,489.99462555740024
490.21077165834066,490.1815488545966,490.15896402055733,490.1414286499087,490.12773670781,490.1169715026282,490.1084357311192,490.10159871030265,490.0960564482245,490.0915013593921,490.08769925645265,490.0844718489579,490.0816834202601,490.07923067974616,490.0770350313493,490.0750366822202,490.0731901536345,490.07146086070003,490.0698225068951,490.0682550997523,490.0667434400612,490.0652759719182,490.0638439077655,490.06244056286226,490.0610608492767,490.0597008912756,490.0583577331304,490.0570291171864,490.0557133153971,490.054409001459,490.0531151538325,490.0518309821824,490.05055587163616,490.0492893405246,490.04803100838933,490.04678057173584,490.0455377856951,490.04430245012486,490.0430743991097,490.0418534929977,490.0406396123923,490.0394326535886,490.03823252513536,490.03703914521464,490.03585243967274,490.0346723405096,490.03349878474825,490.0323317135569,490.03117107159665,490.03001680650493,490.0288688685164,490.0277272101532,490.02659178600305,490.02546255253,490.02433946794474,490.0232224920888,490.02211158636374,490.02100671366577,490.01990783836,490.0188149262593,490.0177279446469,490.01664686230987,490.01557164962946,490.0145022787022,490.0134387235447,490.0123809603697,490.0113289679989,490.0102827284246,490.0092422276119,490.0082074565932,490.0071784130035,490.00615510318056,490.00513754508233,490.00412577228906,490.0031198395367,490.0021198303209,490.0011258673909,490.00013812718646,489.99915685975014,489.9981824161495,489.99721528629857,489.9962561510897,489.99530595432145,489.99436600192115,489.99343809891565,489.99252473852675,489.99162936336757,489.99075672631096,489.98991338929403,489.98910841299056,489.98835431079453,489.9876683688793,489.9870744735936,489.98660564221404,489.98630752940585,489.9862432879227,489.9865003102881,489.98719958510765,489.9885086914326,489.99065986123776,489.99397511308814
490.2042862362601,490.175033186169,490.1524019996049,490.13481007305745,490.1210555785347,490.11022481406394,490.101622592349,490.09471971970356,490.0891132450421,490.0844963036835,490.08063520168423,490.07735198105286,490.0745111444984,490.07200954164296,490.0697686619299,490.06772876030755,490.0658443803506,490.0640809422067,490.06241214311507,490.0608179768647,490.0592832258577,490.05779631271236,490.05634842665154,490.0549328584539,490.05354449510054,490.0521794351466,490.0508346968883,490.0495079961982,490.0481975783163,490.0469020896662,490.04562048111256,490.04435193405754,490.0430958049472,490.04185158266705,490.0406188568185,490.0393972931337,490.0381866154258,490.0369865913619,490.0357970222661,490.03461773483855,490.0334485754579,490.03228940531153,490.03114009727017,490.03000053297365,490.02887060117075,490.0277501959289,490.0266392158037,490.0255375626971,490.02444514149283,490.02336185929323,490.0222876253125,490.0212223503383,490.02016594676553,490.0191183281969,490.01807940955104,490.01704910675505,490.01602733689293,490.0150140179674,490.01400906907367,490.01301241022526,490.01202396255513,490.01104364821555,490.01007139062705,490.00910711448216,490.008150746091,490.0072022135539,490.0062614472973,490.0053283805436,490.0044029502184,490.00348509796305,490.00257477175495,490.00167192793117,490.0007765341714,489.9998885734225,489.9990080494752,489.9981349944849,489.99726947948244,489.99641162871677,489.9955616395573,489.9947198098086,489.9938865755015,489.9930625629188,489.9922486605027,489.9914461180266,489.9906566836519,489.9898827931823,489.98912783170414,489.98839649521597,489.9876952908438,489.9870332288071,489.9864227801879,489.98588120293147,489.98543237856,489.9851093571982,489.9849578858048,489.985041301661,489.98544732321284,489.98629747954635,489.9877602132221,489.9900691028519,489.9935482324367
490.20224521391833,490.1730037545532,490.15036346458135,490.1327483766848,490.1189614601707,490.1080924761071,490.09944873038273,490.09250281716896,490.0868530603225,490.0821934976136,490.078291067359,490.0749682484291,490.0720898393243,490.0695528841244,490.06727899404274,490.06520849409674,490.0632959611415,490.06150682281907,490.0598147656858,490.05819976040425,490.0566465575642,490.055143542275,490.05368186230385,490.0522547646124,490.05085709071915,490.0494848929569,490.04813514283006,490.0468055094004,490.04549419100493,490.0441997874702,490.04292120316813,490.0416575734468,490.0404082088739,490.03917255294414,490.0379501500652,490.03674062127925,490.0355436459117,490.03435894765084,490.0331862840473,490.0320254385402,490.03087621445866,490.029738430457,490.02861191709485,490.02749651422243,490.0263920690355,490.0252984345747,490.02421546862337,490.0231430328421,490.0220809921473,490.02102921420897,490.0199875691038,490.01895592901985,490.0179341680683,490.0169221621079,490.01591978865036,490.0149269267564,490.0139434570007,490.01296926141725,490.0120042235093,490.0110482282375,490.0101011620776,490.0091629130622,490.008233370905,490.00731242712766,490.0063999752987,490.0054959113118,490.0046001338314,490.00371254485384,490.0028330505391,490.0019615623019,490.00109799837253,490.0002422858885,489.99939436383397,489.9985541870272,489.99772173167133,489.9968970029388,489.99608004548,489.9952709578407,489.99446991239535,489.9936771827658,489.99289318169673,489.9921185132435,489.9913540448541,489.9906010068121,489.9898611296234,489.98913683373917,489.9884314917959,489.98774979106355,489.9870982347288,489.98648583528944,489.98592507419784,489.98543323033977,489.985034219995,489.9847611461206,489.9846598321331,489.98479372261846,489.9852506835235,489.9861524436892,489.9876677131593,489.99003042551897,489.9935651323339
490.2138190444107,490.18457387907114,490.161911568437,490.1442602588408,490.1304260403789,490.11950104696706,490.11079439127246,490.1037800444091,490.09805738002973,490.0933212363632,490.08933916198527,490.0859341009153,490.08297120609694,490.08034779165774,490.0779856745638,490.07582533667915,490.0738214745499,490.0719396073524,490.07015349187895,490.06844315298173,490.06679338338523,490.0651926013353,490.06363198104975,490.0621047910285,490.06060589074764,490.05913134794173,490.05767814772247,490.0562439715532,490.0548270293973,490.053425932269,490.05203959552784,490.0506671655004,490.04930796385173,490.0479614454004,490.04662716616815,490.0453047591613,490.0439939160467,490.04269437326417,490.0414059015319,490.04012829788974,490.03886137969505,490.03760498006625,490.03635894445017,490.03512312801087,490.0338973936679,490.0326816105971,490.03147565310815,490.0302793997803,490.0290927328192,490.02791553755463,490.02674770207136,490.02558911691364,490.0244396748742,490.0232992708185,490.0221678015662,490.02104516578845,490.0199312639479,490.0188259982455,490.0177292726049,490.016640992663,490.01556106580085,490.01448940118814,490.0134259098802,490.0123705049474,490.01132310168515,490.0102836178945,490.0092519742971,490.0082280950963,490.00721190877516,490.0062033491844,490.00520235706233,490.0042088821172,490.0032228859144,490.0022443458404,490.0012732605821,490.0003096576614,489.9993536038365,489.99840521942065,489.9974646980428,489.99653233387806,489.9956085592294,489.9946939963646,489.99378952908233,489.9928964015062,489.9920163545515,489.99115181445444,489.99030615335647,489.9894840495669,489.9886919858541,489.9879389388547,489.9872373333039,489.98660436327333,489.9860638223457,489.9856486397879,489.9854043966759,489.98539420294674,489.9857054658102,489.986459288718,489.98782353260026,489.99003098178025,489.99340463598713
490.2214275280894,490.19216041413705,490.1694590270853,490.1517557846796,490.1378599722119,490.1268661187881,490.11808513525216,490.1109923441409,490.10518813560464,490.1003681130016,490.09630040127604,490.0928083790534,490.08975752744146,490.0870454088508,490.08459402862394,490.08234401211337,490.08025016575317,490.0782780934816,490.07640161808615,490.07460081641216,490.07286052274173,490.071169189108,490.0695180177351,490.06790030082954,490.0663109183762,490.06474595623786,490.0632024158789,490.06167799378613,490.06017091394625,490.05867980063715,490.05720358189893,490.0557414162828,490.05429263731537,490.0528567113793,490.0514332058102,490.05002176471055,490.0486220906482,490.04723393078405,490.04585706638665,490.0444913048818,490.04313647385135,490.04179241647745,490.0404589881105,490.03913605365614,490.0378234856123,490.03652116256757,490.03522896807715,490.03394678979544,490.03267451883113,490.03141204924236,490.03015927766546,490.0289161030171,490.02768242628144,490.0264581503324,490.0252431798135,490.0240374210328,490.0228407819019,490.0216531718806,490.0204745019601,490.01930468465133,490.01814363401445,490.01699126570094,490.0158474970483,490.0147122472064,490.01358543734386,490.012466990924,490.01135683411326,490.01025489633463,490.0091611110551,490.0080754168586,490.0069977589485,490.00592809120366,490.0048663790336,490.0038126032979,490.00276676572776,490.0017288963838,490.0006990639557,489.99967738994815,489.9986640682652,489.99765939221214,489.99666379177586,489.9956778850708,489.9947025493963,489.99373901937224,489.99278902255645,489.99185496688494,489.9909401998654,489.99004936707735,489.9891889082432,489.98836774387115,489.9875982260723,489.9868974556512,489.9862891073292,489.98580596015444,489.98549340714936,489.98541432546324,489.98565583808266,489.98633870745516,489.9876303947448,489.98976323048987,489.9930597235175
490.22333576102744,490.1940565495697,490.17132417460084,490.1535765900531,490.1396271360116,490.12857331229935,490.1197282051011,490.11256872784946,490.10669643185287,490.1018077656524,490.09767146717905,490.09411135758864,490.0909932355621,490.08821488963673,490.08569848449315,490.083384756152,490.08122858633516,490.07919562861827,490.0772597368816,490.0754010056956,490.07360427746073,490.0718580054449,490.0701533881887,490.06848371070987,490.0668438433105,490.06522986039744,490.0636387507171,490.0620681971364,490.06051640937307,490.05898199696236,490.0574638728496,490.0559611802227,490.05447323703277,490.05299949391355,490.05153950230374,490.0500928902786,490.0486593442603,490.04723859515326,490.0458304078656,490.0444345733624,490.04305090266894,490.04167922231807,490.0403193709218,490.03897119656153,490.03763455482874,490.0363093073269,490.03499532055133,490.03369246502587,490.0324006146618,490.0311196462576,490.0298494391317,490.02858987482944,490.0273408369142,490.02610221079465,490.02487388360834,490.02365574412227,490.02244768267497,490.0212495911268,490.0200613628462,490.0188828927031,490.0177140771019,490.01655481402724,490.0154050031423,490.0142645459182,490.01313334584256,490.0120113086979,490.01089834297045,490.00979436040444,490.008699276787,490.0076130130192,490.0065354966118,490.00546666373384,490.004406462055,490.0033548546477,490.0023118253853,490.00127738636814,490.0002515881814,489.99923453402636,489.99822639923366,489.99722745817445,489.996238121425,489.9952589870669,489.9942909115633,489.9933351076716,489.99239327979103,489.9914678110834,489.9905620222968,489.98968052985555,489.98882974150183,489.98801854253384,489.9872592463231,489.9865689113493,489.9859711668372,489.98549874441716,489.98519699043385,489.9851287410676,489.98538109269197,489.9860748099151,489.9873774081812,489.9895213614493,489.99282946891435
490.2281038468352,490.19881935897376,490.1760621995864,490.15827565942243,490.1442770226018,490.133166706425,490.12425995547136,490.1170352790577,490.1110954069967,490.10613765644996,490.1019314038809,490.09830093820125,490.0951123991864,490.09226382262455,490.0896775510093,490.087294446876,490.0850694806342,490.0829683667119,490.0809649994097,490.0790394987628,490.07717672172566,490.07536512819195,490.07359591759473,490.0718623717232,490.07015935471145,490.06848293272316,490.066830084816,490.0651984831824,490.06358632621146,490.061992211697,490.06041504060335,490.0588539440229,490.05730822778577,490.0557773304426,490.0542607914326,490.0527582269466,490.0512693116596,490.04979376488217,490.04833134009203,490.0468818169952,490.04544499553356,490.04402069133624,490.04260873229236,490.0412089559431,490.0398212075229,490.03844533846143,490.0370812052637,490.03572866864624,490.03438759289577,490.03305784536826,490.0317392961214,490.03043181762035,490.02913528452865,490.0278495735342,490.0265745632321,490.02531013402404,490.0240561680597,490.02281254918523,490.0215791629287,490.0203558964917,490.0191426387808,490.0179392804518,490.01674571400525,490.0155618339142,490.01438753682953,490.0132227218549,490.0120672909522,490.01092114948995,490.0097842070231,490.00865637835585,490.00753758502805,490.0064277573517,490.00532683723674,490.0042347820741,490.0031515701062,490.00207720781924,490.0010117401555,489.999955264586,489.99890795054637,489.997870066247,489.9968420157049,489.995824389871,489.99481803728,489.9938241616674,489.99284445693326,489.9918812937635,489.990937977808,489.9900191069379,489.98913106581745,489.9882827107766,489.98748631859394,489.98675890134547,489.98612402931013,489.98561435925575,489.9852751426329,489.98516909576995,489.9853831644695,489.98603792553433,489.9873006623608,489.9894035656917,489.99266909457225
490.2352411945921,490.20594564896254,490.1831584253801,490.1653276780188,490.1512743201821,490.1401014818746,490.1311264372711,490.12382921476956,490.1178136810629,490.11277800375376,490.1084921949668,490.1047810182183,490.10151096715197,490.09858034096646,490.09591167785055,490.09344598539735,490.091138341255,490.08895453888704,490.0868685306336,490.08486047896923,490.0829152717242,490.0810213911194,490.07917005261663,490.07735454941064,490.0755697536647,490.0738117371213,490.07207748265233,490.0703646650077,490.0686714842511,490.0669965392449,490.065338731617,490.0636971928671,490.0620712290835,490.06046027900436,490.0588638822413,490.0572816551827,490.0557132727541,490.05415845458947,490.0526169545754,490.05108855292116,490.04957305017115,490.0480702626592,490.0465800190823,490.04510215789253,490.04363652533664,490.04218297395715,490.04074136146926,490.0393115498953,490.0378934049201,490.03648679538776,490.0350915929305,490.0337076716721,490.0323349080151,490.0309731804641,490.02962236950543,490.0282823575033,490.026953028638,490.0256342688514,490.02432596582884,490.02302800898764,490.0217402895048,490.02046270035754,490.01919513641525,490.0179374945621,490.01668967389827,490.01545157600884,490.01422310536276,490.0130041698535,490.0117946815693,490.0105945578442,490.00940372272913,490.00822210900964,490.0070496610074,490.00588633843057,490.0047321217036,490.00358701930475,490.0024510779069,490.0013243963565,490.0002071449857,489.99909959226005,489.99800214159575,489.9969153822063,489.99584015938154,489.99477767162097,489.99372960496237,489.9926983187752,489.9916871028598,489.99070053330536,489.98974496525096,489.9888292154282,489.98796550795817,489.98717078539823,489.9864685268397,489.9858912701659,489.9854841127657,489.9853095725662,489.98545434158837,489.9860386744552,489.98722944908855,489.98925835114267,489.9924472182927
490.2409109822336,490.2116019155237,490.18878195595374,490.1709043604602,490.1567938333973,490.1455563253444,490.13651121052584,490.12914008115274,490.1230479680358,490.1179339047192,490.11356854675597,490.1097771350581,490.1064265168301,490.10341525253585,490.1006660729032,490.0981201269462,490.0957325957607,490.09346934808985,490.0913043906898,490.089217925025,490.08719486652905,490.0852237166384,490.0832957038634,490.08140412992384,490.07954387219667,490.0777110052207,490.07590251290355,490.0741160697518,490.0723498746599,490.07060252465124,490.0688729190331,490.06716018663786,490.065463630638,490.0637826866779,490.0621168911474,490.06046585712164,490.05882925614657,490.05720680442766,490.05559825238714,490.054003376742,490.05242197452264,490.0508538585307,490.0492988539152,490.04775679556644,490.04622752615614,490.0447108946389,490.0432067551297,490.04171496603806,490.0402353894237,490.03876789049247,490.0373123372259,490.03586860008386,490.03443655179166,490.03301606716343,490.03160702298146,490.030209297892,490.0288227723434,490.02744732853154,490.02608285038104,490.0247292235335,490.0233863353746,490.0220540750741,490.02073233367605,490.0194210042208,490.0181199819436,490.0168291645408,490.0155484525653,490.01427774996245,490.0130169648327,490.0117660104743,490.0105248068424,490.00929328255023,490.0080713776494,490.0068590474519,490.0056562678221,490.0044630424647,490.00327941299986,490.0021054728558,490.0009413864677,489.9997874157762,489.9986439568517,489.99751159048725,489.99639115214967,489.99528382868783,489.99419129211407,489.99311588469504,489.99206087515586,489.9910308134023,489.99003202185565,489.98907327621646,489.9881667490727,489.98732931828994,489.98658438194667,489.98596437692447,489.98551427552303,489.985296442168,489.9853973828434,489.98593713046483,489.98708230479,489.9890643006807,489.9922046444929
490.2458909482078,490.2165710931193,490.1937205727518,490.17579799356156,490.1616320259672,490.1503315645211,490.1412181697581,490.1337750572713,490.1276084624108,490.12241831138647,490.11797592014153,490.1141070170177,490.11067880792524,490.10759011630864,490.10476386476427,490.1021413414116,490.0996778273581,490.0973392624378,490.09509970313974,490.09293938491845,490.09084324561735,490.0887998005844,490.0868002860198,490.0848380067917,490.082907840121,490.08100585799457,490.07912904003894,490.07727505523764,490.07544209607613,490.07362875254194,490.0718339164675,490.07005670890766,490.0682964250528,490.06655249243147,490.0648244392349,490.0631118702926,490.06141444888414,490.0597318829466,490.0580639146439,490.0564103124552,490.05477086519926,490.05314537749746,490.05153366635307,490.04993555854776,490.0483508886834,490.0467794976851,490.0452212316797,490.04367594113063,490.04214348019457,490.0406237062181,490.0391164793675,490.03762166233264,490.03613912011366,490.0346687198457,490.03321033067795,490.0317638236707,490.03032907173315,490.0289059495691,490.02749433365875,490.0260941022468,490.0247051353695,490.02332731489395,490.02196052460835,490.0206046503427,490.0192595801656,490.0179252046494,490.0166014172614,490.0152881148967,490.0139851986351,490.01269257477617,490.01141015628843,490.01013786479734,490.0088756333475,490.0076234102014,490.0063811640998,490.0051488915087,490.00392662663967,490.0027144552709,490.0015125338524,490.0003211158816,489.9991405883667,489.99797152221106,489.99681474189356,489.9956714218264,489.9945432196859,489.9934324609265,489.9923423942486,489.99127754539177,489.99024420730086,489.9892511194392,489.9883104096142,489.98743890021296,489.986659920584,489.9860058226849,489.98552147444,489.9852691130657,489.98533509137405,489.9858392609631,489.9869480320745,489.98889256588853,489.9919941421878
490.25176405950185,490.2224339060691,490.1995531409906,490.1815856466772,490.1673640184734,490.15600007492844,490.14681755637605,490.13930130352657,490.1330587627564,490.1277907618825,490.1232692871582,490.11932056434216,490.11581216757276,490.11264319205264,490.1097367601616,490.1070343061611,490.104491217373,490.10207351016845,490.09975529555135,490.0975168471788,490.09534312903907,490.0932226737334,490.091146728176,490.08910860315535,490.08710317831225,490.08512652550905,490.0831756224094,490.0812481347159,490.0793422506972,490.077456555469,490.0755899355419,490.0737415063492,490.0719105572689,490.07009650990557,490.068298886472,490.0665172858062,490.0647513652124,490.06300082668946,490.0612654065154,490.05954486734566,490.05783899224485,490.05614758015463,490.05447044247603,490.05280740046794,490.05115828329,490.04952292650654,490.0479011709645,490.04629286192903,490.04469784843906,490.0431159828036,490.04154712023126,490.0399911185326,490.0384478379071,490.0369171407662,490.03539889161203,490.033892956933,490.0323992051411,490.0309175065161,490.02944773318677,490.02798975911696,490.0265434601316,490.0251087139547,490.02368540029687,490.0222734009745,490.02087260010336,490.0194828843605,490.0181041433714,490.016736270237,490.01537916228415,490.0140327220919,490.01269685892885,490.0113714907266,490.01005654682217,490.00875197173133,490.00745773037517,490.00617381528275,490.0049002565533,490.0036371356008,490.0023846041576,490.0011429105185,489.99991243582974,489.9986937442462,489.99748765231425,489.99629532494174,489.9951184082247,489.99395921330785,489.99282097100934,489.9917081845291,489.99062711822904,489.9895864751843,489.9885983367862,489.98767946619876,489.9868531173033,489.9861515461533,489.9856194993073,489.98531906127425,489.9853363941632,489.98579111371316,489.9868493420726,489.98874189421025,489.99178964284357
490.2579637975268,490.2286218989491,490.20570935880767,490.1876953058218,490.17341624532054,490.1619869143854,490.152733233615,490.1451416728466,490.1388208954534,490.1334726377584,490.12886956349996,490.1248384029087,490.12124710506174,490.117995043174,490.11500554516647,490.1122201967086,490.1095944961399,490.1070945407522,490.1046945000755,490.1023746896565,490.1001201030367,490.0979192932406,490.0957635208648,490.093646105416,490.0915619316085,490.0895070737121,490.08747850985606,490.08547390480203,490.0834914448658,490.0815297124888,490.07958759099944,490.07766419229654,490.0757588019859,490.073870837745,490.0719998177649,490.07014533681047,490.0683070480929,490.0664846495203,490.0646778732978,490.06288647803717,490.0611102427958,490.05934896255013,490.05760244478097,490.0558705068743,490.0541529741654,490.05244967844294,490.0507604568277,490.0490851509072,490.04742360609146,490.0457756711084,490.0441411976325,490.04252003998687,490.04091205492904,490.0393171014733,490.03773504076827,490.036165735992,490.0346090522877,490.03306485670754,490.031533018192,490.03001340755554,490.0285058975104,490.02701036270344,490.02552667980177,490.02405472760944,490.0225943872586,490.0211455424679,490.01970807992495,490.0182818898087,490.0168668665318,490.0154629097586,490.01406992582986,490.012687829721,490.01131654776356,490.0099560213916,490.0086062123322,490.0072671097616,490.0059387402042,490.0046211811964,490.0033145801818,490.00201918061356,490.00073535805797,489.99946367010773,489.99820492544626,489.99696027940297,489.99573136623985,489.99452048231296,489.99333083979445,489.99216691822215,489.99103495179827,489.9899436050604,489.988904910115,489.9879355671363,489.9870587496597,489.9863066115951,489.9857237702559,489.98537214762786,489.98533770308063,489.9857398020191,489.98674426152417,489.9885815311351,489.99157205586437
490.26388703494433,490.23453319509184,490.21158843303624,490.1935272229784,490.17919005253475,490.1676946299755,490.15836909443715,490.15070157262267,490.1443019649248,490.1388729305477,490.1341878209593,490.13007387808915,490.126399430977,490.1230641342687,490.1199915236757,490.1171233376728,490.1144151863946,490.11183324837873,490.10935175167606,490.1069510534745,490.1046161764403,490.10233569345843,490.10010087814265,490.0979050579734,490.09574312193104,490.093611145834,490.0915061073753,490.08942566943637,490.08736801540755,490.0853317240535,490.08331567448937,490.0813189740225,490.0793409034038,490.07738087527713,490.0754384026813,490.07351307515563,490.07160454064353,490.0697124917662,490.06783665543946,490.06597678499463,490.0641326542261,490.0623040528701,490.06049078319455,490.0586926574023,490.05690949567713,490.0551411246892,490.05338737647435,490.0516480875694,490.0499230983678,490.04821225261554,490.04651539703957,490.0448323810497,490.0431630565243,490.04150727763243,490.0398649007113,490.0382357841608,490.03661978837914,490.0350167757061,490.0334266104019,490.0318491586321,490.03028428849115,490.0287318700375,490.0271917753788,490.02566387878613,490.0241480568838,490.02264418890434,490.02115215706795,490.01967184709935,490.0182031489647,490.0167459578802,490.01530017572645,490.0138657129915,490.012442491473,490.0110304479986,490.00962953958265,490.0082397505364,490.0068611023085,490.005493667069,490.00413758650217,490.00279309777244,490.0014605694498,490.00014055118993,489.9988338424943,489.99754158786953,489.99626540860066,489.99500758524886,489.9937713105211,489.9925610397274,489.99138297669174,489.9902457476701,489.98916133638994,489.9881463818324,489.9872239802073,489.9864261879816,489.9857975002336,489.98539968661424,489.98531851831603,489.98567313099676,489.986629065563,489.98841644647706,489.9913553472275
490.2698530353498,490.2404877082149,490.21751093031264,490.1994025801758,490.18500717375275,490.1734454265163,490.1640477242795,490.1563038725562,490.1498250258297,490.1443147794181,490.13954718273084,490.13534999722987,490.13159193788255,490.1281729452613,490.1250167662117,490.1220652944541,490.1192742536523,490.116609904772,490.114046535137,490.1115645439943,490.10914898329395,490.1067884457402,490.1044742177693,490.102199634523,490.09995958884656,490.09775015763915,490.0955683176401,490.09341172929754,490.09127857249877,490.08916742173676,490.0870771513086,490.0850068633204,490.08295583305755,490.08092346752125,490.0789092739946,490.0769128361936,490.0749337962047,490.07297184078226,490.0710266909832,490.0690980942998,490.0671858187165,490.06528964819495,490.06340937926797,490.0615448184461,490.05969578026566,490.05786208579553,490.0560435615176,490.0542400384623,490.05245135156497,490.0506773391616,490.04891784261747,490.04717270602896,490.04544177600906,490.0437249015093,490.0420219336971,490.04033272584957,490.03865713328946,490.0369950133273,490.03534622524023,490.03371063025594,490.03208809157536,490.0304784744072,490.02888164605116,490.0272974760112,490.0257258361828,490.02416660110515,490.0226196483373,490.02108485896997,490.0195621183562,490.0180513171118,490.0165523525191,490.015065130455,490.0135895680746,490.01212559750627,490.0106731709751,490.00923226786904,490.0078029045218,490.00638514772,490.00497913339535,490.0035850924584,490.00220338654987,490.0008345574934,489.99947939575816,489.9981390352306,489.9968150844843,489.9955098086263,489.9942263813268,489.99296923419917,489.99174454133697,489.9905608914912,489.9894302209227,489.9883691084622,489.9874005741402,489.98655657816676,489.98588149448676,489.98543694121,489.9853085014608,489.9856150799567,489.9865219379493,489.9882588675132,489.99114555708456
490.27606675893475,490.2466897913356,490.2236806754512,490.20552470271684,490.19107042896707,490.17944158954487,490.1699708295749,490.1621496453182,490.15559045623615,490.1499978034531,490.14514644279717,490.1408646625821,490.1370215699607,490.1335173967467,490.13027610541104,490.12723974870727,490.12436416701877,490.1216157064318,490.11896871582184,490.11640363843514,490.11390555716804,490.1114630859829,490.1090675253965,490.1067122193259,490.1043920654806,490.10210314274923,490.0998424277552,490.0976075792963,490.0953967744966,490.0932085842849,490.09104187882383,490.08889575568287,490.08676948533395,490.08466246977844,490.08257421117975,490.0805042880633,490.0784523372887,490.0764180403733,490.0744011131447,490.0724012978869,490.0704183574067,490.068452070525,490.0665022286756,490.06456863331493,490.0626510939722,490.0607494267577,490.05886345324376,490.0569929996012,490.0551378959556,490.0532979758833,490.05147307603943,490.04966303585996,490.04786769734676,490.04608690488897,490.04432050513986,490.0425683469106,490.04083028110495,490.03910616066133,490.03739584053045,490.03569917765867,490.0340160310098,490.032346261598,490.0306897325698,490.0290463093155,490.02741585965396,490.02579825408213,490.02419336614685,490.0226010729522,490.02102125588357,490.0194538015994,490.01789860342416,490.0163555632613,490.01482459425813,490.0133056244748,490.0117986019742,490.0103035018436,490.00882033591853,490.00734916621224,490.00589012350554,490.0044434330459,490.0030094501213,490.0015887092809,490.0001819924937,489.9987904235231,489.99741559868,489.99605976799927,489.99472608640247,489.9934189619639,489.99214453902107,489.9909113685375,489.98973133866474,489.9886209669353,489.9876031953443,489.98670988499765,489.9859852844712,489.98549085415647,489.98531198021874,489.9855673237544,489.9864218483894,489.9881049884576,489.99093601169415
490.2823672149966,490.25297827548746,490.22993631694777,490.2117320738144,490.19721816737973,490.1855213743976,490.17597661732367,490.1680770981527,490.16143651373,490.15576036121456,490.150824111262,490.1464565859332,490.1425272902148,490.13893675178286,490.1356091525185,490.1324867073085,490.12952537580406,490.1266915913105,490.1239597659937,490.1213103885448,490.1187285740199,490.11620295866294,490.1137248579449,490.1112876253091,490.10888616398313,490.1065165554187,490.1041757766342,490.1018614852339,490.09957185599393,490.0973054566579,490.0950611536035,490.09283804018764,490.09063538237183,490.0884525774409,490.0862891227068,490.0841445917561,490.08201861646177,490.0799108733301,490.0778210731753,490.0757489532773,490.07369427145983,490.07165680158676,490.06963633016846,490.0676326537721,490.06564557707685,490.06367491138144,490.06172047348844,490.059782084839,490.05785957087164,490.0559527605163,490.0540614858245,490.052185581669,490.05032488553087,490.0484792373184,490.0466484792459,490.0448324557244,490.04303101329873,490.0412440005863,490.0394712682567,490.0377126690119,490.0359680576092,490.0342372908909,490.03252022786774,490.03081672982523,490.0291266605093,490.02744988637033,490.02578627693384,490.0241357053003,490.0224980488653,490.0208731903008,490.019261018939,490.0176614326688,490.01607434058326,490.0144996666211,490.0129373546249,490.01138737531585,490.0098497359609,490.00832449372194,490.0068117741452,490.00531179672225,490.00382491028904,490.00235164200933,490.00089276523124,489.99944939345886,489.9980231105888,489.9966161514082,489.9952316518888,489.9938739963266,489.99254929901895,489.9912660727951,489.99003615727236,489.98887600815544,489.9878084887422,489.98686536019727,489.9860907446721,489.98554594350287,489.98531614421216,489.9855197621622,489.98632146072896,489.9879503132868,489.99072516299475
490.2886897838795,490.2592888168075,490.23621376625624,490.2179608547717,490.20338680482877,490.191621462876,490.1820020510813,490.1740234948621,490.16730078241653,490.16154037794604,490.15651847560173,490.1520644379931,490.14804817327666,490.14437050915245,490.14095585016133,490.13774657583417,490.1346987670378,490.1317789457791,490.1289615886518,490.12622723063623,490.1235610195817,490.1209516144621,490.1183903460231,490.1158705774365,490.11338721757284,490.11093635049605,490.1085149536208,490.1061206833108,490.1037517119169,490.1014066038888,490.0990842216906,490.0967836543177,490.0945041630583,490.09224514030467,490.0900060783307,490.0877865455893,490.08558616876275,490.0834046191377,490.08124160229886,490.0790968503021,490.0769701157625,490.07486116735885,490.0727697864442,490.0706957644617,490.0686389010005,490.06659900230716,490.0645758801692,490.06256935105256,490.0605792354592,490.0586053574232,490.0566475441391,490.0547056256639,490.0527794347015,490.0508688064238,490.04897357834744,490.04709359022587,490.0452286839844,490.04337870366044,490.0415434953804,490.0397229073416,490.03791678983237,490.03612499526264,490.0343473782438,490.03258379569627,490.0308341070302,490.02909817438933,490.0273758630158,490.02566704174734,490.02397158372946,490.0222893673903,490.02062027781153,490.0189642086131,490.01732106457905,490.0156907652762,490.01407325007705,490.0124684850925,490.01087647277836,490.00929726521,490.007730982468,490.0061778380669,490.0046381741764,490.00311251037624,490.00160161120647,490.00010657974707,489.9986289873362,489.997171053402,489.99573589488904,489.9943278722873,489.9929530698795,489.9916199624598,489.99034034129267,489.9891306005412,489.98801352521014,489.9870207770704,489.98619635255005,489.98560139480384,489.9853208937509,489.9854730202097,489.98622213858266,489.9877969625319,489.9905159116375
490.29510394074947,490.26569093073755,490.2425825944277,490.22428067462124,490.20964602186274,490.1978115746372,490.1881168732735,490.1800585817765,490.17325299209045,490.1674075455606,490.1622991680132,490.15775776923005,490.1536536658544,490.1498879898962,490.14638537196464,490.1430883589761,490.13995315517064,490.13694637299204,490.13404255481106,490.1312222829848,490.12847073898973,490.1257766052052,490.1231312281602,490.12052798117077,490.117961779057,490.11542870874814,490.11292574823784,490.11045055280175,490.1080012924732,490.10557652849843,490.1031751194915,490.1007961501397,490.0984388770952,490.0961026878896,490.0937870697812,490.0914915861085,490.08921585837834,490.08695955267024,490.08472236935086,490.08250403526193,490.08030429782,490.078122920528,490.0759596795925,490.0738143613421,490.0716867602883,490.06957667763646,490.0674839201732,490.06540829940263,490.0633496309064,490.06130773383825,490.05928243055484,490.05727354631523,490.05528090906785,490.0533043492691,490.05134369976196,490.0493987956662,490.0474694743143,490.0455555751901,490.0436569399067,490.04177341218605,490.0399048378797,490.03805106499743,490.03621194378667,490.03438732683753,490.0325770692626,490.03078102893653,490.0289990668592,490.0272310476465,490.02547684023773,490.023736318861,490.0220093643951,490.0202958662381,490.01859572491617,490.01690885567575,490.0152351934747,490.01357469986993,490.0119273725675,490.01029325861896,490.00867247270725,490.0070652224414,490.00547184340274,490.0038928476681,490.00232899105964,490.00078136632703,489.9992515323526,489.9977416933111,489.9962549472309,489.9947956309027,489.9933697986946,489.9919858874393,489.99065564007833,489.9893953891796,489.9882278412669,489.9871845583062,489.98630941024464,489.9856633807557,489.98533126003343,489.98543097098303,489.9861265738031,489.987646414443,489.9903084768153
490.30162342416867,490.27219824776375,490.2490563395642,490.2307049883876,490.216009195168,490.2041050095148,490.19433430607626,490.1861955010044,490.1793062012942,490.17337483479736,490.1681790667409,490.1635493604164,490.1593564461492,490.15550176449176,490.15191017558163,490.14852439652697,490.14530075723684,490.1422059624515,490.1392146218478,490.1363073664009,490.13346941224495,490.13068946600697,490.1279588907099,490.12527107040177,490.12262092635825,490.12000454880075,490.1174189166781,490.11486168450284,490.11233102028467,490.1098254823277,490.10734392563694,490.1048854308125,490.102449250078,490.1000347662989,490.0976414619037,490.0952688952941,490.09291668297243,490.09058448597693,490.08827199961684,490.08597894567765,490.08370506653046,490.0814501206537,490.07921387925467,490.07699612369413,490.074796643548,490.07261523512284,490.07045170034235,490.0683058458869,490.0661774825524,490.0640664247466,490.06197249011905,490.0598954992618,490.05783527549494,490.0557916446871,490.05376443513137,490.0517534774378,490.0497586044669,490.0477796512695,490.0458164550627,490.0438688552105,490.04193669324206,490.0400198128807,490.03811806012123,490.0362312833341,490.03435933344207,490.0325020641588,490.03065933234643,490.02883099850357,490.02701692746524,490.0252169893614,490.02343106096674,490.0216590275566,490.0199007854956,490.01815624580627,490.01642533912593,490.01470802255176,490.01300428913174,490.01131418098583,490.0096378074895,490.00797537043576,490.00632719890467,490.0046937975567,490.0030759135776,490.0014746294657,489.99989149171677,489.99832868931253,489.9967893014058,489.995277641104,489.99379973283385,489.99236397538095,489.99098206318484,489.9896702669063,489.988451214075,489.9873563660505,489.98642946507226,489.98573133349447,489.98534655906224,489.985392812775,489.9860338448133,489.9874976250013,489.9901016894657
490.3082169164939,490.2787794539766,490.2556036929283,490.23720249764074,490.22244504407894,490.2104705134539,490.20062313165727,490.1924030809083,490.1854292946548,490.1794111965593,490.17412719881855,490.16940832437365,490.16512572220114,490.1611811454098,490.157499686903,490.1540242365895,490.1507112521491,490.14752753231085,490.14444775542273,490.141452602179,490.1385273242636,490.13566065327393,490.1328439693168,490.13007066765414,490.127335676415,490.12463508944165,490.12196588691353,490.11932572281165,490.1167127633188,490.11412556396573,490.11156297629475,490.1090240769462,490.1065081138279,490.1040144652391,490.10154260886833,490.0990920982609,490.09666254498796,490.0942536051132,490.09186496894955,490.08949635328156,490.0871474954865,490.0848181490648,490.082508080268,490.0802170655279,490.0779448895214,490.07569134368833,490.07345622511986,490.0712393356988,490.06904048145935,490.06685947208433,490.0646961205347,490.0625502427511,490.0604216574393,490.05831018589026,490.0562156518566,490.05413788144426,490.05207670304617,490.0500319472818,490.0480034469723,490.0459910371209,490.0439945549304,490.04201383983127,490.04004873355757,490.0380990802499,490.0361647266299,490.03424552223623,490.03234131977877,490.03045197562193,490.0285773504786,490.026717310361,490.0248717279193,490.0230404842841,490.021223471636,490.01942059674985,490.0176317859184,490.0158569917544,490.01409620262325,490.0123494556885,490.0106168549939,490.008898596493,490.00719500274255,490.0055065709654,490.003834039692,490.0021784811513,490.000541429437,489.9989250583216,489.99733242806604,489.99576782807304,489.9942372527974,489.9927490629275,489.99131490431915,489.98995098558913,489.9886798550498,489.98753287309324,489.9865536536808,489.98580285695715,489.9853648668507,489.9853571003774,489.98594299457784,489.98735013850035,489.9898956136126
490.3148802357239,490.2854304135745,490.26222056855414,490.24376916967407,490.2289495922909,490.21690416938844,490.2069794947176,490.19867753018934,490.19161854683114,490.18551297317003,490.1801399757155,490.1753311429959,490.17095804742826,490.1669227585312,490.16315060506906,490.15958465223207,490.1561814874573,490.152908005051,490.14973895330223,490.14665506363855,490.143641624104,490.14068739191447,490.1377837647787,490.13492414958796,490.13210348165796,490.1293178587203,490.1265642624014,490.1238403463258,490.1211442749922,490.118474601274,490.115830173346,490.11321006396696,490.110613516794,490.10803990561334,490.10548870341813,490.10295945893427,490.1004517788328,490.09796531422796,490.09549975045763,490.09305479932266,490.0906301932201,490.0882256806835,490.08584102301677,490.0834759917286,490.0811303666005,490.0788039342075,490.07649648680786,490.0742078214851,490.07193773950837,490.0696860458305,490.0674525487175,490.0652370594512,490.0630393921136,490.0608593634081,490.05869679253533,490.0565515010849,490.0544233129687,490.05231205436024,490.0502175536695,490.04813964152265,490.04607815077895,490.0440329165582,490.04200377631514,490.03999056994127,490.0379931399372,490.0360113316462,490.0340449936047,490.0320939780218,490.03015814146653,490.0282373458113,490.02633145955986,490.0244403596761,490.0225639341347,490.02070208544137,490.0188547355235,490.01702183248926,490.01520336000294,490.0133993502546,490.01160990194137,490.0098352051651,490.00807557595016,490.00633150407674,490.0046037194198,490.00289328394365,490.00120171935066,489.9995311842204,489.9978847199436,489.99626659224276,489.99468276562476,489.99314156269634,489.9916545807249,489.99023796623715,489.9889141882092,489.98771450582274,489.9866824043176,489.9858783808685,489.9853866143355,489.98532426574934,489.9858544558782,489.9872043881719,489.98969068211056
490.3216228865926,490.2921606295124,490.268916476145,490.25041452598356,490.2355323756186,490.22341552815976,490.2134129605252,490.20502842700574,490.1978835466697,490.1916897614932,490.1862269993159,490.1813274199692,490.1768630239529,490.1727362009565,490.1688725186461,490.1652152199489,490.1617210240397,490.1583569223995,490.15509773454613,490.1519242436811,490.1488217750499,490.1457791121695,490.1427876709065,490.139840870236,490.1369336530347,490.1340621212336,490.13122325816556,490.1284147173173,490.1256346616901,490.1228816416608,490.1201545021773,490.1174523122407,490.11477431136785,490.1121198689324,490.1094884533235,490.1068796085318,490.1042929364067,490.1017280831866,490.0991847293037,490.0966625816409,490.0941613676781,490.09168083104197,490.0892207281467,490.08678082563347,490.0843608984423,490.0819607283353,490.07958010278816,490.077218814134,490.0748766589244,490.0725534374279,490.07024895326083,490.06796301308896,490.0656954264134,490.06344600539103,490.0612145647104,490.05900092148386,490.0568048951801,490.0546263075637,490.05246498266945,490.05032074678155,490.04819342844996,490.04608285851697,490.0439888701905,490.0419112991447,490.03984998369,490.03780476500435,490.0357754874807,490.03376199920143,490.03176415262027,490.02978180549775,490.02781482221883,490.02586307560773,490.0239264494607,490.02200484204127,490.020098170939,490.0182063797853,490.01632944757176,490.01446740154444,490.0126203350848,490.0107884324753,490.00897200324243,490.0071715297608,490.005387733289,490.003621665569,490.00187483595585,490.00014938788144,489.99844834391024,489.9967759461231,489.99513812910493,489.99354317738323,489.9920026395977,489.9905326000753,489.98915544823404,489.9879023416461,489.9868166361569,489.9859586648815,489.9854123998952,489.98529474359157,489.9857684964298,489.9870604701889,489.98948681330967
490.3284425984893,490.29896781951265,490.2756891285631,490.2571362798256,490.24219111174824,490.23000231496275,490.2199212641116,490.2114535179669,490.20422205364105,490.19793933478957,490.19238605732517,490.18739495788856,490.18283846954563,490.1786193057985,490.17466327616887,490.170913803713,490.1673277412804,490.1638721790951,490.1605220091754,490.15725806752874,490.15406571744285,490.1509337694225,490.1478536580562,490.144818814869,490.14182419068635,490.138865891964,490.13594090401654,490.1330468804291,490.13018198290933,490.127344759516,490.12453405212824,490.12174892613115,490.1189886170295,490.11625248990134,490.11354000864,490.11085071260175,490.1081841989085,490.10554010901177,490.10291811852244,490.1003179294858,490.0977392645414,490.0951818624825,490.09264547490415,490.0901298636481,490.0876347988783,490.085160057607,490.08270542258873,490.0802706814648,490.07785562612605,490.0754600522121,490.0730837587423,490.0707265478184,490.0683882244099,490.06606859617506,490.06376747333707,490.0614846685755,490.05921999695914,490.0569732758855,490.0547443250543,490.0525329664467,490.05033902434064,490.0481623253371,490.046002698432,490.0438599751154,490.0417339895401,490.03962457874974,490.0375315830236,490.03545484634634,490.0333942170843,490.03134954891306,490.029320702125,490.0273075454301,490.025309958471,490.0233278352934,490.0213610891732,490.01940965928907,490.01747351998443,490.01555269358573,490.01364726818434,490.0117574222697,490.00988345889874,490.0080258530695,490.006185317456,490.00436289361073,490.00256007857564,490.00077900066935,489.9990226636619,489.997295286018,489.99560277241324,489.9939533692837,489.99235857658766,489.9908344163308,489.98940319814204,489.9880959775834,489.9869559804447,489.98604337472534,489.9854419240683,489.9852682697039,489.985684887961,489.9869181932268,489.98928385441167
490.33533350593785,490.3058461252742,490.28253267982257,490.26392860210586,490.24891999251633,490.2366587461121,490.22649864937773,490.2179470772831,490.2106283746556,490.2042560347766,490.19861152813587,490.19352817348886,490.18887884078316,490.18456657083664,490.1805174178643,490.1766749873487,490.1729962676721,490.1694484493042,490.1660064979804,490.1626513035006,490.1593682679962,490.15614622961357,490.1529766421985,490.14985295026673,490.14677011295777,490.1437242415569,490.14071232361795,490.13773201304224,490.1347814704316,490.1318592416898,490.12896416577,490.1260953045678,490.12325188968987,490.1204332820213,490.1176389410536,490.1148684015951,490.11212125612036,490.10939714136885,490.1066957282003,490.1040167138884,490.10135981629475,490.0987247694384,490.0961113201516,490.09351922553,490.0909482510125,490.08839816891026,490.0858687573026,490.0833597991836,490.0808710818254,490.0784023962791,490.0759535370054,490.0735243015784,490.0711144904709,490.0687239068759,490.0663523565824,490.0639996478673,490.0616655914281,490.0593500003216,490.0570526899382,490.05477347797984,490.05251218447535,490.05026863180547,490.04804264477434,490.0458340507068,490.04364267961535,490.04146836442624,490.0393109413203,490.03717025019915,490.0350461353552,490.03293844639177,490.03084703952067,490.02877177934914,490.0267125413769,490.0246692154427,490.0226417105191,490.0206299613429,490.0186339376199,490.01665365676917,490.0146892016046,490.0127407448371,490.01080858307006,490.0088931839439,490.0069952515691,490.0051158173329,490.00325636599143,490.00141901077916,489.99960673670165,489.997823738635,489.9960758913649,489.9943714032387,489.99272172550394,489.99114281776076,489.9896569096738,489.9882949544739,489.9871000473466,489.9861321902764,489.98547493704297,489.98524466548423,489.9856035243818,489.9867775255605,489.9890818506535
490.3422944530855,490.3127943993443,490.2894459967646,490.2707903784928,490.2557179258795,490.2433837544653,490.2331440760253,490.22450809291365,490.2171015269263,490.2106389085868,490.20490248920606,490.19972617475474,490.194983276217,490.1905771651024,490.1864341430584,490.18249800021266,490.17872586227674,490.1750850214209,490.17155051827683,490.16810329739354,490.16472880052487,490.16141589409426,490.1581560517259,490.15494273135585,490.15177090079425,490.14863667645454,490.1455370483808,490.1424696710054,490.1394327040089,490.1364246913003,490.13344446904824,490.1304910957848,490.127563799331,490.1246619364821,490.1217849624215,490.1189324074965,490.1161038596152,490.1132989508808,490.11051734747303,490.10775874196156,490.1050228474939,490.102309393376,490.09961812173543,490.0969487849774,490.0943011438692,490.09167496607165,490.0890700250382,490.0864860991625,490.0839229711435,490.0813804274868,490.0788582581364,490.07635625617866,490.0738742176283,490.0714119412498,490.0689692284335,490.0665458830875,490.0641417115703,490.06175652262976,490.05939012737645,490.05704233926184,490.0547129740929,490.0524018500566,490.0501087877899,490.0478336104766,490.0455761440118,490.04333621722606,490.0411136622228,490.0389083148405,490.0367200153169,490.03454860920175,490.03239394864386,490.03025589416535,490.02813431713975,490.0260291032158,490.02394015707955,490.0218674090428,490.01981082419155,490.01777041505557,490.01574625919113,490.0137385235518,490.01174749831074,490.00977364377667,490.00781765552557,490.00588055481154,490.00396381414015,490.0020695316996,490.0002006737703,489.9983614116769,489.9965575903451,489.9947973800477,489.9930921833043,489.99145789723815,489.9899166713878,489.98849935634604,489.9872489161581,489.9862251859048,489.9855115080764,489.9852239948839,489.98552446412157,489.9866385198265,489.98888084850387
490.34932504519975,490.31981224842445,490.29642869376823,490.27772123570685,490.262584554339,490.2501770007959,490.2398572248546,490.23113626686967,490.2236412344166,490.2170877025361,490.21125870934,490.205988752912,490.2011515892723,490.19665092388027,490.1924133084649,490.18838271995094,490.18451642312647,490.18078181328116,490.1771540070963,490.17361400480945,490.17014728856435,490.16674275369064,490.1633918941096,490.16008818160776,490.156826593025,490.15360325020526,490.1504151459404,490.14725993541475,490.1441357775795,490.1410412145176,490.13797507976295,490.13493642861846,490.131924485242,490.1289386024504,490.12597823122275,490.12304289754167,490.1201321848392,490.11724572066777,490.1143831666082,490.11154421060326,490.10872856116026,490.10593594294266,490.1031660934412,490.10041876043624,490.09769370008615,490.09499067546255,490.0923094554514,490.08964981390284,490.08701152899715,490.08439438274746,490.08179816063216,490.0792226512995,490.0766676463537,490.0741329401771,490.0716183298059,490.0691236148227,490.0666485972887,490.0641930816829,490.06175687487496,490.0593397861035,490.0569416269898,490.0545622115618,490.05220135632345,490.04985888034963,490.0475346054497,490.0452283563887,490.042939961222,490.04066925175323,490.03841606419286,490.0361802400635,490.03396162747714,490.0317600828957,490.02957547359176,490.0274076810482,490.02525660568904,490.02312217342546,490.02100434474875,490.0189031273249,490.0168185934791,490.0147509044358,490.012700343968,490.010667365085,490.0086526548633,490.00665722446166,490.0046825341759,490.0027306671909,490.00080457110505,489.9989083937324,489.9970479501715,489.99523137263543,489.9934700148988,489.9917797115343,489.99018253178855,489.9887092233011,489.98740261842954,489.9863223844457,489.98555165110145,489.98520626271534,489.98544770261304,489.98650116176464,489.98868082362594
490.3564231689576,490.3268975609329,490.30347866677465,490.2847190817565,490.2695178015281,490.25703642712995,490.24663605842403,490.23782958388074,490.2302455052677,490.2236004491018,490.21767824602654,490.21231399094023,490.20738188874384,490.20278598198405,490.19845307502686,490.19432733367324,490.19036616347876,490.1865370642288,490.1828152297749,490.17918171695874,490.17562204906324,490.1721251509409,490.1686825373194,490.1652876942598,490.16193560798735,490.1586224060771,490.1553450843255,490.1521012988904,490.1488892081867,490.1457073526421,490.1425545633077,490.1394298923944,490.13633256052174,490.13326191664333,490.13021740764026,490.1271985552301,490.1242049384626,490.1212361804278,490.11829193819176,490.1153718951506,490.1124757552483,490.1096032385793,490.10675407806855,490.10392801693956,490.10112480680755,490.0983442062182,490.09558597955134,490.0928498961725,490.0901357298005,490.08744325801126,490.08477226187097,490.082122525641,490.0794938365653,490.0768859846918,490.07429876274927,490.07173196603964,490.06918539237023,490.06665884199293,490.06415211757695,490.0616650241869,490.05919736929593,490.05674896280925,490.0543196171325,490.05190914726546,490.04951737096405,490.04714410895906,490.0447891852881,490.0424524277488,490.04013366855276,490.0378327452226,490.03554950185986,490.0332837908921,490.0310354755162,490.028804433074,490.02659055975215,490.0243937770861,490.02221404099726,490.02005135431364,490.0179057841562,490.0157774860482,490.01366673739255,490.0115739839314,490.0094999042768,490.0074454995303,490.0054122178186,490.00340212736654,490.00141815713454,489.99946443146814,489.9975467356736,489.9956731639229,489.9938550212335,489.9921080795624,489.99045432770976,489.988924410065,489.98756102677663,489.9864236764396,489.9855952746727,489.98519139571437,489.98537318505106,489.9863654154649,489.98848175966424
490.36358666119423,490.3340481777565,490.3105937663105,490.29178178123084,490.27651554958413,490.26395993588767,490.253478501568,490.24458599284355,490.23691231370094,490.23017514878484,490.22415912675615,490.2186999438348,490.213672257494,490.20898045038365,490.20455158196626,490.2003300089233,490.19627327921006,490.1923489984375,490.18853243871297,490.1848047143694,490.18115139055703,490.17756142225085,490.1740263454822,490.1705396610008,490.1670963647655,490.1636925903777,490.16032533689116,490.1569922616557,490.15369152274144,490.1504216590897,490.14718149942,490.143970092988,490.14078665699964,490.1376305366601,490.1345011748594,490.1313980891499,490.1283208542931,490.12526908900594,490.1222424459243,490.1192406039786,490.11626326262683,490.113310137469,490.11038095693556,490.10747545976193,490.1045933930869,490.10173451099416,490.0988985734194,490.09608534530327,490.09329459596114,490.0905260985875,490.0877796298903,490.0850549697967,490.0823519012404,490.07967020998404,490.0770096844962,490.0743701158435,490.07175129762356,490.0691530259035,490.0665750991934,490.0640173184232,490.0614794869563,490.05896141061186,490.0564628977328,490.05398375927825,490.0515238089836,490.04908286357727,490.0466607431097,490.0442572714027,490.0418722766973,490.03950559254423,490.0371570590615,490.03482652466886,490.03251384851313,490.03021890382075,490.02794158256626,490.02568180193464,490.0234395133033,490.0212147146884,490.0190074680342,490.01681792319175,490.01464635122466,490.0124931906412,490.0103591116251,490.00824510525985,490.00615260754574,490.0040836717928,490.0020412083705,490.00002931820154,489.99805375683934,489.99612258044,489.99424704526075,489.9924428605893,489.99073193464125,489.98914480828097,489.987724048956,489.98652898575705,489.9856423188297,489.9851793502184,489.9853008842988,489.9862312706767,489.98828366379314
490.3708139825088,490.3412625630987,490.31777246579907,490.29890782113387,490.28357630245847,490.2709460505455,490.26038309924076,490.25140406164775,490.2436402516075,490.2368104182344,490.23069999344904,490.2251452791082,490.2200213887985,490.2152330481712,490.2107075741539,490.2063895162411,490.20223656636534,490.1982164372508,490.1943044803134,490.1904818682404,490.1867342087589,490.18305048755263,490.17942226244367,490.1758430492777,490.1723078540906,490.16881281680264,490.1653549399758,490.16193188237025,490.1585418019025,490.15518323619773,490.15185501179656,490.1485561751378,490.1452859401407,490.14204364837923,490.1388287388619,490.1356407250782,490.1324791775984,490.129343710858,490.1262339731507,490.12314963902486,490.120090403533,490.11705597785806,490.11404608601055,490.11106046231,490.1080988494878,490.1051609972333,490.1022466611028,490.09935560167526,490.0964875839235,490.09364237671946,490.0908197524702,490.088019486824,490.085241358458,490.0824851489015,490.0797506424131,490.07703762587295,490.074345888716,490.0716752228704,490.06902542273093,490.06639628513585,490.0637876093799,490.0611991972365,490.05863085302417,490.05608238369865,490.053553599011,490.0510443117225,490.04855433793,490.04608349751214,490.0436316147713,490.0411985193171,490.0387840473143,490.036388043204,490.03401036211187,490.0316508731774,490.02930946419116,490.0269860480161,490.02468057151407,490.02239302791907,490.02012347402854,490.01787205405327,490.0156390327515,490.01342484143373,490.01123014189454,490.00905591524173,490.0069035853949,490.004775190798,490.0026736232801,490.0006029603907,489.9985689279747,489.9965795442027,489.99464601657473,489.9927839916637,489.99101529697253,489.98937036957767,489.98789164375023,489.98663827827056,489.98569275649845,489.9851701062064,489.9852307874359,489.9860987216901,489.9880865377041
490.3781035693102,490.3485391561581,490.3250132127698,490.3060956616336,490.29069853628727,490.2779932657618,490.26734836656146,490.25828232732437,490.25042787899537,490.2435048411962,490.23729945410906,490.23164862935425,490.226427940025,490.2215424575567,490.2169197586201,490.2125045873861,490.2082547812876,490.2041381614087,490.20013015949536,490.19621200742824,490.19236935620336,490.1885912227866,490.18486918726836,490.1811967809917,490.17756902040884,490.1739820520487,490.17043288223186,490.16691917134676,490.16343907734904,490.15999113671904,490.1565741739731,490.1531872328742,490.1498295241842,490.14650038596636,490.14319925345956,490.1399256361964,490.1366791006559,490.1334592570875,490.13026574953363,490.1270982482479,490.12395644396116,490.12084004352005,490.1177487665932,490.1146823431595,490.1116405116161,490.1086230173284,490.1056296115418,490.10266005054,490.09971409501736,490.096791509586,490.09389206241246,490.0910155249245,490.08816167159995,490.08533027978996,490.08252112959656,490.0797340037654,490.076968687619,490.07422496899534,490.07150263822126,490.0688014880889,490.06612131386896,490.0634619133316,490.06082308681306,490.0582046373058,490.0556063706156,490.05302809557406,490.05046962436177,490.04793077294926,490.0454113617351,490.0429112164214,490.04043016925226,490.0379680607222,490.0355247419674,490.03310007807113,490.03069395267113,490.02830627433895,490.025936985452,490.02358607449383,490.021253593148,490.0189396800193,490.01664459359625,490.0143687580307,490.01211282676906,490.0098777709887,490.00766500257646,490.00547654516157,490.0033152720859,490.0011852375786,489.99909213782377,489.9970439530411,489.9950518419821,489.9931313884657,489.99130433916264,489.9896010271109,489.98806375294555,489.9867515043519,489.9857465466215,489.9851636312181,489.98516287068185,489.9859677535649,489.9878903755641
490.3854536812526,490.35587621953397,490.3323142781499,490.31334358620035,490.2978805503691,490.2850998992064,490.27437264152377,490.2652191496734,490.25727357857994,490.250256824114,490.243955939487,490.2382084500251,490.23289039157544,490.2279071840264,490.22318666598056,490.2186737780789,490.2143265047242,490.2101127765651,490.206008106667,490.20199378691876,490.1980555122589,490.194182331495,490.19036584745345,490.18659960736824,490.1828786384426,490.17919909410057,490.17555798466947,490.1719529723833,490.1683822154289,490.1648442493139,490.161337896686,490.1578621987742,490.1544163633145,490.1509997249809,490.1476117153572,490.1442518401269,490.1409196617801,490.1376147864776,490.13433685410376,490.13108553070686,490.12786050278265,490.12466147292423,490.12148815653893,490.1183402793426,490.1152175754735,490.11211978604587,490.10904665806527,490.10599794358836,490.1029733990979,490.0999727850108,490.09699586531576,490.0940424072811,490.09111218124445,490.08820496043603,490.0853205208572,490.082458641173,490.07961910264606,490.07680168907507,490.0740061867681,490.0712323845193,490.06848007362134,490.06574904788647,490.063039103712,490.06035004016945,490.0576816591603,490.05503376562643,490.05240616787023,490.04979867799204,490.0472111125228,490.04464329329255,490.0420950486593,490.03956621520507,490.03705664010926,490.03456618443226,490.032094727691,490.0296421741984,490.0272084618801,490.02479357450255,490.0223975586699,490.02002054741655,490.01766279299954,490.01532471245173,490.01300695091516,490.01071046968264,490.0084366686589,490.00618755671167,490.0039659887513,490.00177599574255,489.9996232442598,489.99751567661133,489.9954644028144,489.99348494390307,489.99159896560747,489.9898366966907,489.9882403037127,489.9868686025067,489.9858036390516,489.98515988651815,489.98509710684993,489.9858383508983,489.98769517412444
490.3928626345345,490.363272072538,490.33967398964285,490.32064993506293,490.30512070067874,490.29226432509375,490.2814543184954,490.27221294466807,490.2641757890262,490.25706482913955,490.25066793578696,490.2448232517602,490.23940727876516,490.23432578769945,490.2295068811984,490.2248956980978,490.22045037118636,490.2161389418405,490.2119370054026,490.20782591456026,490.2037914088492,490.19982256946435,490.1959110224254,490.1920503312437,490.18823553420225,490.1844627919033,490.1807291189266,490.1770321795677,490.1733701324364,490.16974151223974,490.16614513991294,490.16258005429427,490.1590454602261,490.1555406891167,490.15206516901077,490.14861840185233,490.1451999462466,490.1418094043652,490.1384464120298,490.1351106311753,490.13180174415004,490.1285194493795,490.12526345809175,490.1220334918197,490.1188292805202,490.1156505611314,490.1124970764919,490.1093685745023,490.10626480750255,490.10318553178104,490.10013050721363,490.0970994969725,490.09409226731594,490.09110858741315,490.0881482292225,490.08521096738474,490.08229657915706,490.0794048443518,490.07653554530987,490.0736884668771,490.0708633964169,490.0680601238304,490.0652784416216,490.0625181449855,490.0597790319623,490.05706090364583,490.0543635645008,490.05168682279697,490.0490304912358,490.0463943878126,490.04377833703603,490.041182171611,490.0386057347956,490.0360488836616,490.0335114936397,490.0309934648184,490.0284947307063,490.026015270388,490.0235551254241,490.02111442331653,490.01869341013037,490.0162924958215,490.0139123172727,490.011553825941,490.00921840980095,490.0069080630148,490.00462562211976,490.0023750948749,490.0001621183002,489.9979945968365,489.99588359178745,489.99384456137926,489.99189909030343,489.9900773028265,489.988421231013,489.9869895181138,489.9858639895863,489.9851588383729,489.98503347279177,489.98571050133404,489.9875009321506
490.4003288274642,490.37072511643765,490.3470907566631,490.3280131298395,490.3124174241947,490.2994849982014,490.2885918719213,490.279262207835,490.2711330279953,490.26392739683644,490.2574340070161,490.25149162237363,490.2459772134377,490.24079690456097,490.2358790644262,490.23116903172127,490.22662508898463,490.2222153894433,490.217915611643,490.2137071698363,490.20957584879335,490.20551076262814,490.20150356100106,490.1975478240797,490.19363860155084,490.18977206147423,490.1859452229259,490.1821557524777,490.1784018093538,490.17468192763306,490.1709949266953,490.16733984313225,490.1637158790263,490.1601223626455,490.1565587186128,490.1530244452444,490.1495190973671,490.14604227326487,490.14259360479423,490.13917274987034,490.1357793867852,490.1324132098839,490.1290739263003,490.12576125346646,490.12247491723764,490.11921465045367,490.1159801918612,490.1127712852782,490.10958767897284,490.1064291251742,490.1032953797127,490.10018620172957,490.0971013534679,490.09404060009734,490.0910037095935,490.08799045263146,490.08500060251987,490.08203393513986,490.0790902289189,490.07616926480694,490.07327082628854,490.0703946994032,490.06754067280957,490.06470853787243,490.06189808881595,490.05910912292984,490.056341440884,490.0535948471588,490.05086915066715,490.048164165609,490.04547971268215,490.04281562075226,490.0401717291932,490.0375478911248,490.0349439779281,490.03235988550335,490.0297955429788,490.027250924794,490.0247260675047,490.02222109311964,490.0197362415534,490.01727191572934,490.01482874431764,490.0124076689905,490.0100100658466,490.0076379144008,490.0052940328785,490.0029824058948,490.00070864097415,489.99848060473846,489.99630930980385,489.99421015157327,489.9922046336112,489.9903227754789,489.98860647434316,489.987114200166,489.98592755670745,489.98516045479096,489.9849719461414,489.98558419231375,489.98730764718715
490.4078506636954,490.3782337577218,490.35456299361135,490.33543159681795,490.31976916218855,490.30676037718223,490.29578377967454,490.28636543766277,490.2781438156344,490.27084306977326,490.264252718706,490.2582121507264,490.2525988080123,490.2473191707091,490.2423018754765,490.23749246244614,490.2328493652178,490.2283408499522,490.22394267929377,490.2196363298033,490.21540763210396,490.2112457337475,490.2071423084723,490.2030909534738,490.19908673016107,490.1951258143275,490.1912052297869,490.1873226456009,490.1834762217991,490.1796644920048,490.1758862741998,490.17214060287483,490.1684266774875,490.16474382329176,490.16109146160886,490.1574690872403,490.1538762513425,490.15031254841574,490.14677760645066,490.1432710794389,490.1397926417087,490.1363419836146,490.13291880828336,490.12952282913074,490.12615376799226,490.12281135368914,490.1194953209538,490.1162054095969,490.1129413638881,490.10970293206896,490.1064898659937,490.1033019208403,490.10013885490235,490.0970004294143,490.0938864084314,490.09079655872347,490.0877306497097,490.08468845339775,490.08166974435727,490.07867429969656,490.0757018990744,490.07275232471994,490.06982536149627,490.0669207969869,490.0640384216469,490.061178029008,490.05833941599,490.0555223833276,490.0527267361873,490.0499522850154,490.0471988467393,490.0444662464252,490.0417543196018,490.03906291547554,490.036391901416,490.03374116917337,490.03111064353396,490.0285002943315,490.02591015315653,490.0233403365662,490.02079107836795,490.0182627744982,490.01575604546395,490.0132718232047,490.0108114720001,490.00837695677797,490.0059710775151,490.00359779574774,490.00126268956694,489.99897358782846,489.99674145449274,489.9945816221308,489.99251551310164,489.9905730420655,489.98879597090644,489.9872425956155,489.9859942971127,489.9851647022572,489.9849125032756,489.98545941029636,489.9871153160822
490.4154265527448,490.3857964087167,490.3620891205863,490.3429037677602,490.3271743611222,490.31408892555186,490.3030285241352,490.29352113677294,490.285206675839,490.2778103938782,490.27112263935965,490.264983428267,490.2592706771183,490.25389122408313,490.24877397564455,490.24386467490353,490.23912190778276,490.2345140544199,490.2300169624234,490.22561217138133,490.2212855583713,490.2170263048876,490.2128261091738,490.20867858581727,490.20457880826285,490.2005229603098,490.1965080707486,490.19253181134303,490.1885923431182,490.18468819941444,490.1808181969737,490.1769813683315,490.17317691045685,490.16940414571775,490.1656624922543,490.16195144146855,490.1582705409563,490.1546193815393,490.1509975874441,490.14740480883654,490.1438407161758,490.14030499591763,490.1367973472706,490.13331747972063,490.12986511116753,490.12643996649575,490.12304177650293,490.11967027706993,490.11632520854346,490.1130063152505,490.109713345141,490.1064460494996,490.1032041827379,490.0999875022212,490.09679576814887,490.0936287434481,490.09048619370986,490.0873678871273,490.0842735944705,490.0812030890622,490.0781561467903,490.07513254612684,490.0721320681913,490.0691544968362,490.066199618797,490.06326722389497,490.06035710534667,490.0574690601865,490.0546028898789,490.0517584011597,490.04893540722827,490.046133729393,490.04335319937815,490.0405936625172,490.0378549822081,490.0351370460911,490.03243977465064,490.02976313315526,490.0271071482721,490.02447193114955,490.02185770953304,490.0192648724199,490.01669403220427,490.0141461111477,490.011622461769,490.00912503447154,490.00665661104955,490.0042211300278,490.0018241401298,489.999473432502,489.9971799224863,489.99495887982073,489.99283164558966,489.9908280293693,489.9889896573945,489.987374651027,489.98606416723754,489.98517154712175,489.9848551205661,489.98533614186823,489.9869239359485
490.4230549347545,490.39341151232856,490.36966758811167,490.35042810461596,490.33463149734456,490.32146913636586,490.3103246168408,490.30072783653713,490.2923201608294,490.2848279429672,490.27804236492324,490.27180407343866,490.26599146193024,490.2605117287188,490.255294051875,490.2502843789313,490.2454414493443,490.24073375823326,490.2361372390053,490.2316334949724,490.2272084502497,490.2228513207657,490.218553829686,490.2143096093467,490.21011374553643,490.2059624303287,490.20185269772713,490.1977822224081,490.1937491665818,490.18975206347795,490.1857897287568,490.18186119314544,490.17796565126116,490.1741024227152,490.1702709225886,490.16647063900047,490.16270111609737,490.1589619411296,490.15525273466244,490.15157314313586,490.14792283323635,490.1443014876144,490.14070880165133,490.13714448099137,490.13360823968486,490.1300997987629,490.1266188851698,490.1231652309361,490.1197385725627,490.11633865053784,490.1129652089803,490.10961799535266,490.1062967602549,490.10300125725115,490.0997312427508,490.09648647590353,490.09326671853444,490.090071735084,490.0869012925821,490.0837551606244,490.08063311138426,490.077534919632,490.0744603627973,490.07140922105395,490.0683812774688,490.06537631820265,490.06239413281685,490.05943451469284,490.05649726163927,490.05358217672654,490.0506890694702,490.0478177574639,490.04496806867024,490.0421398445917,490.03933294469647,490.0365472525564,490.03378268439576,490.03103920096044,490.02831682403723,490.02561565941096,490.0229359288116,490.02027801434645,490.01764252034957,490.0150303594605,490.0124428724978,490.0098819954048,490.0073504918615,490.0048522774516,490.00239287159974,489.9999800278045,489.9976246128316,489.99534183359185,489.99315294983523,489.991087665884,489.9891874719738,489.98751031420295,489.9861371245163,489.98518095649155,489.98479977489444,489.9852143738722,489.98673350389214
490.43073427865596,490.4010775401778,490.37729687524165,490.35800309759765,490.3421390751369,490.328899530234,490.3176705964706,490.3079840950304,490.29948284907374,490.29189431663673,490.2850105166491,490.27867272951266,490.27275982797164,490.26717937252306,490.261860814509,490.2567503072924,490.2518067450259,490.2469987387764,490.2423023085554,490.23769912207183,490.23317515104424,490.22871964631355,490.2243243563743,490.21998293166087,490.21569047060774,490.21144317382743,490.20723808077054,490.2030728692348,490.1989457028043,490.19485511476995,490.1907999198687,490.1867791471665,490.18279198906686,490.1788377625539,490.1749158797734,490.17102582567895,490.1671671410809,490.1633394097664,490.1595422487447,490.1557753008306,490.1520382290364,490.14833071230254,490.14465244227557,490.14100312084844,490.13738245830933,490.13379017192176,490.13022598486,490.12668962538515,490.123180826232,490.11969932412677,490.11624485943264,490.11281717586377,490.1094160202798,490.1060411425137,490.1026922952531,490.0993692339364,490.0960717166879,490.09279950425844,490.0895523599993,490.086330049839,490.083132342295,490.0799590084928,490.07680982222786,490.0736845600495,490.07058300140875,490.06750492885715,490.0644501283515,490.0614183896691,490.0584095070106,490.05542327982795,490.0524595139986,490.04951802344664,490.04659863241716,490.0437011786255,490.04082551765333,490.03797152904747,490.03513912481566,490.0323282612249,490.02953895522694,490.0267713072889,490.024025533174,490.0213020081504,490.01860132854625,490.015924397437,490.01327254400303,490.01064768979444,490.00805258044744,490.0054911086777,490.0029687646831,490.00049326437943,489.9980754260039,489.99573039365254,489.99347934569045,489.9913518810281,489.98938935356904,489.9876495335371,489.98621312680643,489.98519289772645,489.98474644322204,489.9850940930536,489.9865440167388
490.4384630754435,490.40879298588175,490.38497548284937,490.36562725847483,490.34969562001226,490.3363786486264,490.3250650221585,490.3152884903539,490.30669333862164,490.2990081336104,490.2920257344572,490.2855880579668,490.27957445851285,490.27389286069274,490.2684729907256,490.26326120914194,490.25821656590404,490.25330778895534,490.24851098568735,490.24380788885713,490.239184518335,490.2346301603391,490.23013658909014,490.225697473462,490.2213079248326,490.21696415261374,490.2126632019341,490.20840275392015,490.20418097371703,490.19999639484865,490.19584783128704,490.1917343105844,490.187655023069,490.18360928322886,490.1795965003988,490.1756161564859,490.17166778907836,490.16775097861034,490.1638653386407,490.1600105084624,490.1561861475129,490.1523919311198,490.14862754728887,490.14489269425354,490.14118707862946,490.1375104139994,490.13386241985273,490.13024282076424,490.1266513457831,490.1230877279528,490.1195517039579,490.1160430138392,490.1125614007895,490.10910661098217,490.10567839345316,490.1022764999976,490.0989006851056,490.0955507059032,490.0922263221264,490.08892729609835,490.085653392741,490.0824043795935,490.07918002687467,490.07598010756504,490.0728043975543,490.06965267583826,490.06652472482057,490.0634203307254,490.06033928419504,490.05728138111135,490.05424642376113,490.0512342224456,490.0482445977384,490.0452773836129,490.0423324318095,490.0394096178947,490.0365088497047,490.03363007907336,490.03077331816365,490.02793866217337,490.02512632094835,490.0223366629707,490.0195702766178,490.0168280554612,490.01411131710677,490.0114219687799,490.00876273814595,490.00613749512786,490.00355170077216,490.00101303348083,489.99853226301514,489.99612447067557,489.99381075340045,489.9916206045427,489.98959524135773,489.9877922576066,489.98629213207937,489.9852073382303,489.9846951024833,489.98497528605793,489.9863554711391
490.4462398399057,490.41655636679315,490.39270193537345,490.3732991223279,490.35729968047696,490.34390505564164,490.3325064752684,490.3226396224156,490.3139502488902,490.30616803352945,490.2990866787297,490.2925487402836,490.28643405637166,490.2806509175183,490.2751293263476,490.26981585183404,490.264669700816,490.25965971900507,490.25476210192,490.2499586479945,490.2452354257819,490.2405817573294,490.2359894429706,490.2314521703536,490.22696506409073,490.22252434264976,490.2181270570659,490.2137708919993,490.2094540143427,490.205174958024,490.2009325364084,490.1967257756823,490.1925538642376,490.1884161141979,490.1843119322124,490.1802407972616,490.1762022438268,490.1721958491003,490.16822122329836,490.16427800229593,490.160365842057,490.15648441439424,490.15263340376896,490.148812504848,490.14502142066544,490.1412598612122,490.1375275423792,490.13382418513936,490.1301495149389,490.12650326121906,490.1228851570645,490.1192949389195,490.1157323463851,490.1121971220482,490.1086890113647,490.1052077625562,490.10175312654695,490.09832485690464,490.094922709815,490.0915464440593,490.0881958210256,490.0848706047274,490.08157056186553,490.0782954619095,490.0750450772437,490.0718191833628,490.06861755917123,490.0654399873922,490.06228625516064,490.0591561548385,490.05604948517106,490.052966052885,490.04990567492973,490.04686818158376,490.0438534207926,490.040861264189,490.0378916154842,490.03494442212593,490.03201969153645,490.02911751369345,490.0262380925772,490.02338178993733,490.0205491862583,490.0177411656684,490.0149590342652,490.01220468501964,490.0094808277008,490.0067913095173,490.0041415624422,490.0015392274367,489.99899502584344,489.99652397619303,489.99414709396393,489.9918937668177,489.9898050750616,489.987938435428,489.9863740986408,489.98522424563487,489.98464572973245,489.98485793954023,489.9861678636389
490.4540631129437,490.42436622631584,490.40047478313073,490.38101724985853,490.36494983033754,490.3514773403103,490.3399935616932,490.33003611522474,490.3212522229528,490.3133726792354,490.3061920325862,490.29955348021747,490.29333734617205,490.287452288632,490.2818285880787,490.27641302314794,490.2711649585739,490.2660533586911,490.26105450786497,490.2561502708121,490.2513267652832,490.2465733495931,490.24188185056556,490.2372459749495,490.2326608608774,490.2281227361257,490.2236286578614,490.2191763144814,490.21476387481147,490.21038987335317,490.20605312302354,490.2017526487906,490.1974876372494,490.1932573982914,490.1890613360061,490.18489892656845,490.18076970146916,490.1766732347709,490.1726091334558,490.16857703008657,490.1645765772559,490.1606074433615,490.1566693094171,490.1527618666178,490.1488848145084,490.145037859578,490.1412207142074,490.1374330958535,490.1336747264437,490.12994533189897,490.1262446417842,490.1225723890257,490.11892830970936,490.1153121429103,490.1117236305774,490.10816251743034,490.10462855089713,490.10112148105515,490.0976410606067,490.0941870448557,490.09075919172,490.08735726174956,490.08398101818744,490.0806302270513,490.077304657278,490.0740040809174,490.0707282734298,490.06747701409114,490.0642500865819,490.06104727979556,490.0578683889868,490.054713217357,490.0515815782808,490.04847329839004,490.0453882218834,490.04232621650783,490.03928718189746,490.03627106116255,490.03327785703414,490.03030765432067,490.0273606511897,490.0244372027139,490.0215378815435,490.0186635624266,490.0158155400195,490.0129956931111,490.01020671365126,490.00745242621423,490.004738233781,490.00207173994824,489.9994636177025,489.99692882283597,489.9944882893429,489.9921712990712,489.9900187950957,489.98808801657646,489.9864589852194,489.98524358785806,489.98459830217075,489.9847420401591,489.98598119064025